item_definition_id,json_output_recipes,special_serializer_recipes,json_ingredient_recipes,loot_item_entries_NOT_primary_source_proof,java_literal_or_ModItems_refs_NOT_usage_proof
alloy_boots,,alloy_boots,,,com/gonzotech/core/item/AlloyEquipmentStats.java;com/gonzotech/core/registry/ModCreativeTabs.java;com/gonzotech/core/registry/ModItems.java;com/gonzotech/core/registry/ModRecipeSerializers.java;com/gonzotech/machines/client/AlloyClient.java
alloy_chestplate,,alloy_chestplate,,,com/gonzotech/core/item/AlloyEquipmentStats.java;com/gonzotech/core/registry/ModCreativeTabs.java;com/gonzotech/core/registry/ModItems.java;com/gonzotech/core/registry/ModRecipeSerializers.java;com/gonzotech/machines/client/AlloyClient.java
alloy_helmet,,alloy_helmet,,,com/gonzotech/core/item/AlloyEquipmentStats.java;com/gonzotech/core/registry/ModCreativeTabs.java;com/gonzotech/core/registry/ModItems.java;com/gonzotech/core/registry/ModRecipeSerializers.java;com/gonzotech/machines/client/AlloyClient.java
alloy_leggings,,alloy_leggings,,,com/gonzotech/core/item/AlloyEquipmentStats.java;com/gonzotech/core/registry/ModCreativeTabs.java;com/gonzotech/core/registry/ModItems.java;com/gonzotech/core/registry/ModRecipeSerializers.java;com/gonzotech/machines/client/AlloyClient.java
alloy_pickaxe,,alloy_pickaxe,,,com/gonzotech/core/item/AlloyEquipmentStats.java;com/gonzotech/core/registry/ModCreativeTabs.java;com/gonzotech/core/registry/ModItems.java;com/gonzotech/core/registry/ModRecipeSerializers.java
alloy_sword,,alloy_sword,,,com/gonzotech/core/item/AlloyEquipmentStats.java;com/gonzotech/core/registry/ModCreativeTabs.java;com/gonzotech/core/registry/ModItems.java;com/gonzotech/core/registry/ModRecipeSerializers.java
alnico_block,alnico_block,,alnico_ingot_from_alnico_block,data/gonzotech/loot_table/blocks/alnico_block.json,com/gonzotech/chalkboard/notes/ScholarNotesContent.java
alnico_dust,alnico_dust_from_metal_dusts,,alnico_ingot_from_alnico_dust_blasting;alnico_ingot_from_alnico_dust_smelting;alnico_ingot_from_alnico_dust_smoking,,com/gonzotech/chalkboard/notes/ScholarNotesContent.java
alnico_ingot,alnico_ingot_from_alnico_block;alnico_ingot_from_alnico_dust_blasting;alnico_ingot_from_alnico_dust_smelting;alnico_ingot_from_alnico_dust_smoking;alnico_ingot_from_nuggets,,alnico_block;alnico_nugget_from_alnico_ingot,,com/gonzotech/core/registry/Metals.java;com/gonzotech/machines/processing/AlloyFoundryRecipes.java
alnico_nugget,alnico_nugget_from_alnico_ingot,,alnico_ingot_from_nuggets,,
alt_spawn_egg,,,,,com/gonzotech/core/registry/ModCreativeTabs.java;com/gonzotech/core/registry/ModItems.java
aluminum_block,aluminum_block,,aluminum_ingot_from_aluminum_block,data/gonzotech/loot_table/blocks/aluminum_block.json,com/gonzotech/machines/litho/SiliconFactoryStructure.java
aluminum_dust,,,alnico_dust_from_metal_dusts;aluminum_ingot_from_aluminum_dust_blasting;aluminum_ingot_from_aluminum_dust_smelting;aluminum_ingot_from_aluminum_dust_smoking,,com/gonzotech/machines/block/entity/FillerBlockEntity.java;com/gonzotech/machines/processing/CentrifugeRecipes.java
aluminum_housing,aluminum_housing,,third_air_cleaner;third_air_filter;third_silicon_factory;third_silicon_factory_from_copper_wire;third_silicon_factory_from_gold_wire;third_silicon_factory_from_silver_wire,data/gonzotech/loot_table/blocks/aluminum_housing.json,com/gonzotech/core/registry/ModBlocks.java;com/gonzotech/core/registry/ModItems.java;com/gonzotech/machines/crafting/TierThreeCrafting.java
aluminum_ingot,aluminum_ingot_from_aluminum_block;aluminum_ingot_from_aluminum_dust_blasting;aluminum_ingot_from_aluminum_dust_smelting;aluminum_ingot_from_aluminum_dust_smoking;aluminum_ingot_from_aluminum_ore_blasting;aluminum_ingot_from_aluminum_ore_smelting;aluminum_ingot_from_nuggets;aluminum_ingot_from_raw_aluminum_blasting;aluminum_ingot_from_raw_aluminum_smelting,,aluminum_block;aluminum_nugget_from_aluminum_ingot;first_wire;first_wire_node;third_hermetic_door,data/gonzotech/loot_table/blocks/mechanisms.json,com/gonzotech/core/registry/Metals.java;com/gonzotech/machines/processing/PressRecipes.java
aluminum_nugget,aluminum_nugget_from_aluminum_ingot,,aluminum_ingot_from_nuggets,data/gonzotech/loot_table/blocks/mechanisms.json,com/gonzotech/machines/processing/CrusherRecipes.java
aluminum_ore,,,aluminum_ingot_from_aluminum_ore_blasting;aluminum_ingot_from_aluminum_ore_smelting,data/gonzotech/loot_table/blocks/aluminum_ore.json,
aluminum_plate,,,aluminum_housing;third_air_filter;third_dispensing_tap;third_distiller;third_fermentation_vat;third_rectifier;third_snaketype_condenser;uv_meter,,com/gonzotech/core/registry/ModCreativeTabs.java;com/gonzotech/core/registry/ModItems.java;com/gonzotech/machines/processing/PressRecipes.java;com/gonzotech/radiation/RadMaterials.java
aluminum_wire,,,energy_module_aluminum;motor_aluminum;second_wire_aluminum;third_air_cleaner;third_air_filter;third_dispensing_tap;third_distiller;third_silicon_factory;third_snaketype_condenser;uv_lamp_from_aluminum_wire;uv_meter,,com/gonzotech/chalkboard/notes/ScholarNotesContent.java;com/gonzotech/core/registry/ModCreativeTabs.java;com/gonzotech/core/registry/ModItems.java;com/gonzotech/machines/processing/PressRecipes.java;com/gonzotech/radiation/RadMaterials.java
aminoblazeethanol_bucket,,,,,com/gonzotech/core/registry/ModCreativeTabs.java;com/gonzotech/core/registry/ModItems.java;com/gonzotech/machines/block/entity/FillerBlockEntity.java
ampoule,,,,,com/gonzotech/core/item/AmpouleItem.java;com/gonzotech/core/registry/ModCreativeTabs.java;com/gonzotech/core/registry/ModItems.java
andesite_grit,,,andesite_silicate_clinker;barium_mix;trio_grit,,com/gonzotech/core/registry/ModCreativeTabs.java;com/gonzotech/core/registry/ModItems.java;com/gonzotech/machines/processing/CrusherRecipes.java
andesite_silicate_clinker,andesite_silicate_clinker,,durable_concrete,,com/gonzotech/chalkboard/advancement/RecipeUnlocks.java;com/gonzotech/core/registry/ModCreativeTabs.java;com/gonzotech/core/registry/ModItems.java
armor_concrete,armor_concrete,,,data/gonzotech/loot_table/blocks/armor_concrete.json;data/gonzotech/loot_table/blocks/reinforced_armor_concrete.json,com/gonzotech/chalkboard/advancement/RecipeUnlocks.java;com/gonzotech/core/registry/ModBlocks.java;com/gonzotech/core/registry/ModItems.java
armor_mix,armor_mix,,armor_concrete;reinforced_armor_concrete,,com/gonzotech/chalkboard/advancement/RecipeUnlocks.java;com/gonzotech/core/registry/ModCreativeTabs.java;com/gonzotech/core/registry/ModItems.java
barium_block,barium_block,,barium_ingot_from_barium_block,data/gonzotech/loot_table/blocks/barium_block.json,
barium_concrete,barium_concrete,,,data/gonzotech/loot_table/blocks/barium_concrete.json,com/gonzotech/chalkboard/advancement/RecipeUnlocks.java;com/gonzotech/core/registry/ModBlocks.java;com/gonzotech/core/registry/ModItems.java;com/gonzotech/radiation/RadMaterials.java
barium_dust,,,barium_ingot_from_barium_dust_blasting;barium_ingot_from_barium_dust_smelting;barium_ingot_from_barium_dust_smoking;barium_mix,,com/gonzotech/machines/processing/CentrifugeRecipes.java
barium_ingot,barium_ingot_from_barium_block;barium_ingot_from_barium_dust_blasting;barium_ingot_from_barium_dust_smelting;barium_ingot_from_barium_dust_smoking;barium_ingot_from_barium_ore_blasting;barium_ingot_from_barium_ore_smelting;barium_ingot_from_deepslate_barium_ore_blasting;barium_ingot_from_deepslate_barium_ore_smelting;barium_ingot_from_nuggets;barium_ingot_from_raw_barium_blasting;barium_ingot_from_raw_barium_smelting,,barium_block;barium_nugget_from_barium_ingot,,com/gonzotech/core/registry/Metals.java
barium_mix,barium_mix,,barium_concrete,,com/gonzotech/chalkboard/advancement/RecipeUnlocks.java;com/gonzotech/core/registry/ModCreativeTabs.java;com/gonzotech/core/registry/ModItems.java
barium_nugget,barium_nugget_from_barium_ingot,,barium_ingot_from_nuggets,,
barium_ore,,,barium_ingot_from_barium_ore_blasting;barium_ingot_from_barium_ore_smelting,data/gonzotech/loot_table/blocks/barium_ore.json,
beer_bucket,,,,,com/gonzotech/core/registry/ModCreativeTabs.java;com/gonzotech/core/registry/ModItems.java;com/gonzotech/machines/block/entity/DispensingTapBlockEntity.java;com/gonzotech/machines/block/entity/FillerBlockEntity.java;com/gonzotech/machines/block/entity/WortKettleBlockEntity.java;com/gonzotech/machines/menu/WortKettleMenu.java
beer_mug,,,,,com/gonzotech/core/registry/ModCreativeTabs.java;com/gonzotech/core/registry/ModItems.java;com/gonzotech/machines/block/entity/DispensingTapBlockEntity.java;com/gonzotech/machines/block/entity/WortKettleBlockEntity.java;com/gonzotech/machines/menu/WortKettleMenu.java
bismuth_block,bismuth_block,,bismuth_ingot_from_bismuth_block,data/gonzotech/loot_table/blocks/bismuth_block.json,com/gonzotech/chalkboard/notes/ScholarNotesContent.java
bismuth_dust,,,bismuth_ingot_from_bismuth_dust_blasting;bismuth_ingot_from_bismuth_dust_smelting;bismuth_ingot_from_bismuth_dust_smoking;telluride_dust_from_metal_dusts,,com/gonzotech/machines/processing/CentrifugeRecipes.java
bismuth_ingot,bismuth_ingot_from_bismuth_block;bismuth_ingot_from_bismuth_dust_blasting;bismuth_ingot_from_bismuth_dust_smelting;bismuth_ingot_from_bismuth_dust_smoking;bismuth_ingot_from_nuggets,,bismuth_block;bismuth_nugget_from_bismuth_ingot,,com/gonzotech/core/registry/Metals.java
bismuth_nugget,bismuth_nugget_from_bismuth_ingot,,bismuth_ingot_from_nuggets,,com/gonzotech/chalkboard/notes/ScholarNotesContent.java
boiler,boiler,,second_alloy_foundry;second_cobble_generator;second_press;second_steamgen_core,data/gonzotech/loot_table/blocks/boiler.json,com/gonzotech/chalkboard/advancement/RecipeUnlocks.java;com/gonzotech/chalkboard/notes/ScholarNotesContent.java;com/gonzotech/chalkboard/notes/StructureModel.java;com/gonzotech/machines/registry/ModBlockEntities.java;com/gonzotech/machines/registry/ModMachines.java;com/gonzotech/machines/registry/ModMenus.java
bore_silicate_mix,bore_silicate_mix,,bore_stained_glass_blasting;bore_stained_glass_smelting,,com/gonzotech/chalkboard/advancement/RecipeUnlocks.java;com/gonzotech/core/registry/ModCreativeTabs.java;com/gonzotech/core/registry/ModItems.java
bore_stained_glass,bore_stained_glass_blasting;bore_stained_glass_smelting,,dosimeter;durable_ampoule;third_heavy_door_tungsten,data/gonzotech/loot_table/blocks/bore_stained_glass.json,com/gonzotech/core/registry/ModBlocks.java;com/gonzotech/core/registry/ModItems.java;com/gonzotech/radiation/RadMaterials.java
boron_block,boron_block,,boron_ingot_from_boron_block,data/gonzotech/loot_table/blocks/boron_block.json,
boron_dust,,,bore_silicate_mix;boron_ingot_from_boron_dust_blasting;boron_ingot_from_boron_dust_smelting;boron_ingot_from_boron_dust_smoking,,com/gonzotech/machines/processing/CentrifugeRecipes.java
boron_ingot,boron_ingot_from_boron_block;boron_ingot_from_boron_dust_blasting;boron_ingot_from_boron_dust_smelting;boron_ingot_from_boron_dust_smoking;boron_ingot_from_boron_ore_blasting;boron_ingot_from_boron_ore_smelting;boron_ingot_from_nuggets;boron_ingot_from_raw_boron_blasting;boron_ingot_from_raw_boron_smelting,,boron_block;boron_nugget_from_boron_ingot,,com/gonzotech/core/registry/Metals.java
boron_nugget,boron_nugget_from_boron_ingot,,boron_ingot_from_nuggets,,
boron_ore,,,boron_ingot_from_boron_ore_blasting;boron_ingot_from_boron_ore_smelting,data/gonzotech/loot_table/blocks/boron_ore.json,
botched_mechanism,botched_mechanism,,,,com/gonzotech/chalkboard/advancement/RecipeUnlocks.java;com/gonzotech/core/event/Phase3Events.java;com/gonzotech/core/registry/ModCreativeTabs.java;com/gonzotech/core/registry/ModItems.java
calcite_calcium_ore,,,calcium_ingot_from_calcite_calcium_ore_blasting;calcium_ingot_from_calcite_calcium_ore_smelting,data/gonzotech/loot_table/blocks/calcite_calcium_ore.json,
calcium_block,calcium_block,,calcium_ingot_from_calcium_block,data/gonzotech/loot_table/blocks/calcium_block.json,
calcium_chloride,,,,,com/gonzotech/core/registry/ModCreativeTabs.java;com/gonzotech/core/registry/ModItems.java;com/gonzotech/machines/block/entity/FillerBlockEntity.java;com/gonzotech/machines/processing/ChemicalPlantRecipes.java
calcium_dust,,,calcium_ingot_from_calcium_dust_blasting;calcium_ingot_from_calcium_dust_smelting;calcium_ingot_from_calcium_dust_smoking,,com/gonzotech/machines/block/entity/FillerBlockEntity.java;com/gonzotech/machines/processing/CentrifugeRecipes.java
calcium_ingot,calcium_ingot_from_calcite_calcium_ore_blasting;calcium_ingot_from_calcite_calcium_ore_smelting;calcium_ingot_from_calcium_block;calcium_ingot_from_calcium_dust_blasting;calcium_ingot_from_calcium_dust_smelting;calcium_ingot_from_calcium_dust_smoking;calcium_ingot_from_calcium_ore_blasting;calcium_ingot_from_calcium_ore_smelting;calcium_ingot_from_deepslate_calcium_ore_blasting;calcium_ingot_from_deepslate_calcium_ore_smelting;calcium_ingot_from_nuggets;calcium_ingot_from_raw_calcite_blasting;calcium_ingot_from_raw_calcite_smelting,,calcium_block;calcium_nugget_from_calcium_ingot;first_heat_pipe;first_item_pipe;first_steam_pipe;first_turbine_casing;first_universal_fluid_pipe;first_water_pipe,,com/gonzotech/chalkboard/notes/ScholarNotesContent.java;com/gonzotech/core/registry/Metals.java;com/gonzotech/machines/block/entity/FillerBlockEntity.java
calcium_nugget,calcium_nugget_from_calcium_ingot,,calcium_ingot_from_nuggets;first_turbine_rotor,,com/gonzotech/chalkboard/notes/ScholarNotesContent.java;com/gonzotech/machines/processing/CentrifugeRecipes.java;com/gonzotech/machines/processing/CrusherRecipes.java
calcium_ore,,,calcium_ingot_from_calcium_ore_blasting;calcium_ingot_from_calcium_ore_smelting,data/gonzotech/loot_table/blocks/calcium_ore.json,
canister,canister;canister_from_stainless_steel,,,,com/gonzotech/core/block/CanisterBlock.java;com/gonzotech/core/registry/ModBlocks.java;com/gonzotech/core/registry/ModCreativeTabs.java;com/gonzotech/core/registry/ModItems.java;com/gonzotech/machines/block/entity/DispensingTapBlockEntity.java;com/gonzotech/machines/block/entity/FillerBlockEntity.java;com/gonzotech/machines/crafting/TierThreeCrafting.java;com/gonzotech/machines/registry/ModBlockEntities.java;com/gonzotech/radiation/ItemToxicity.java
cantor_block,cantor_block,,cantor_ingot_from_cantor_block,data/gonzotech/loot_table/blocks/cantor_block.json,
cantor_dust,cantor_dust_from_metal_dusts,,cantor_ingot_from_cantor_dust_blasting;cantor_ingot_from_cantor_dust_smelting;cantor_ingot_from_cantor_dust_smoking,,com/gonzotech/chalkboard/notes/ScholarNotesContent.java
cantor_ingot,cantor_ingot_from_cantor_block;cantor_ingot_from_cantor_dust_blasting;cantor_ingot_from_cantor_dust_smelting;cantor_ingot_from_cantor_dust_smoking;cantor_ingot_from_nuggets,,cantor_block;cantor_nugget_from_cantor_ingot,,com/gonzotech/core/registry/Metals.java;com/gonzotech/machines/processing/AlloyFoundryRecipes.java
cantor_nugget,cantor_nugget_from_cantor_ingot,,cantor_ingot_from_nuggets,,
cast_iron_block,cast_iron_block,,cast_iron_ingot_from_cast_iron_block;second_grinder;second_press,data/gonzotech/loot_table/blocks/cast_iron_block.json,com/gonzotech/chalkboard/notes/ScholarNotesContent.java
cast_iron_dust,,,cast_iron_ingot_from_cast_iron_dust_blasting;cast_iron_ingot_from_cast_iron_dust_smelting;cast_iron_ingot_from_cast_iron_dust_smoking,,
cast_iron_ingot,cast_iron_ingot_blasting;cast_iron_ingot_from_cast_iron_block;cast_iron_ingot_from_cast_iron_dust_blasting;cast_iron_ingot_from_cast_iron_dust_smelting;cast_iron_ingot_from_cast_iron_dust_smoking;cast_iron_ingot_from_nuggets;cast_iron_ingot_smelting,,boiler;cast_iron_block;cast_iron_nugget_from_cast_iron_ingot;core_form;first_cobble_generator;first_turbine_casing;first_turbine_rotor;flat_punch;ingot_form;plate_form;second_heat_node;second_heat_pipe;second_item_filter;second_item_node;second_item_pipe;second_item_scavenger;second_press;second_pump;second_steam_node;second_steam_pipe;second_steamgen_casing;second_steamgen_core;second_universal_fluid_node;second_universal_fluid_pipe;second_water_node;second_water_pipe;wedge_punch;wrench,,com/gonzotech/chalkboard/notes/ScholarNotesContent.java;com/gonzotech/core/registry/Metals.java;com/gonzotech/machines/processing/AlloyFoundryRecipes.java
cast_iron_nugget,cast_iron_nugget_from_cast_iron_ingot,,cast_iron_ingot_from_nuggets,,com/gonzotech/machines/processing/CentrifugeRecipes.java
celluloid,,,third_hermetic_door,,com/gonzotech/core/registry/ModCreativeTabs.java;com/gonzotech/core/registry/ModItems.java;com/gonzotech/machines/processing/ChemicalPlantRecipes.java
cesium_block,cesium_block,,cesium_ingot_from_cesium_block,data/gonzotech/loot_table/blocks/cesium_block.json,com/gonzotech/chalkboard/notes/ScholarNotesContent.java;com/gonzotech/core/event/Phase3Events.java
cesium_dust,,,cesium_ingot_from_cesium_dust_blasting;cesium_ingot_from_cesium_dust_smelting;cesium_ingot_from_cesium_dust_smoking,,com/gonzotech/chalkboard/notes/ScholarNotesContent.java;com/gonzotech/core/event/Phase3Events.java;com/gonzotech/machines/block/entity/SmeltSideEffects.java;com/gonzotech/machines/processing/CentrifugeRecipes.java
cesium_ingot,cesium_ingot_from_cesium_block;cesium_ingot_from_cesium_dust_blasting;cesium_ingot_from_cesium_dust_smelting;cesium_ingot_from_cesium_dust_smoking;cesium_ingot_from_cesium_ore_blasting;cesium_ingot_from_cesium_ore_smelting;cesium_ingot_from_deepslate_cesium_ore_blasting;cesium_ingot_from_deepslate_cesium_ore_smelting;cesium_ingot_from_nuggets;cesium_ingot_from_raw_cesium_blasting;cesium_ingot_from_raw_cesium_smelting,,cesium_block;cesium_nugget_from_cesium_ingot,,com/gonzotech/chalkboard/notes/ScholarNotesContent.java;com/gonzotech/core/event/Phase3Events.java;com/gonzotech/core/registry/Metals.java;com/gonzotech/machines/block/entity/SmeltSideEffects.java;com/gonzotech/mixin/AbstractFurnaceBlockEntityMixin.java
cesium_nugget,cesium_nugget_from_cesium_ingot,,cesium_ingot_from_nuggets,,com/gonzotech/chalkboard/notes/ScholarNotesContent.java;com/gonzotech/core/event/Phase3Events.java
cesium_ore,,,cesium_ingot_from_cesium_ore_blasting;cesium_ingot_from_cesium_ore_smelting,data/gonzotech/loot_table/blocks/cesium_ore.json,com/gonzotech/chalkboard/notes/ScholarNotesContent.java
chalkboard,chalkboard,,,data/gonzotech/loot_table/blocks/chalkboard.json,com/gonzotech/chalkboard/advancement/RecipeUnlocks.java;com/gonzotech/chalkboard/command/ChalkboardCommand.java;com/gonzotech/chalkboard/notes/ScholarChapter.java;com/gonzotech/chalkboard/notes/ScholarNotesContent.java;com/gonzotech/core/registry/ModBlocks.java;com/gonzotech/core/registry/ModItems.java
charred_sapling,,,,data/gonzotech/loot_table/blocks/charred_sapling.json,com/gonzotech/core/registry/ModBlocks.java;com/gonzotech/core/registry/ModItems.java
chip_1,,,,,com/gonzotech/core/registry/ModCreativeTabs.java;com/gonzotech/core/registry/ModItems.java;com/gonzotech/machines/crafting/TierThreeCrafting.java;com/gonzotech/machines/litho/SiliconFactoryBlockEntity.java
chip_2,,,,,com/gonzotech/core/registry/ModCreativeTabs.java;com/gonzotech/core/registry/ModItems.java;com/gonzotech/machines/crafting/TierThreeCrafting.java;com/gonzotech/machines/litho/SiliconFactoryBlockEntity.java
chip_3,,,,,com/gonzotech/core/registry/ModCreativeTabs.java;com/gonzotech/core/registry/ModItems.java;com/gonzotech/machines/crafting/TierThreeCrafting.java;com/gonzotech/machines/litho/SiliconFactoryBlockEntity.java
chip_blank,chip_blank,,chip_blanky,,com/gonzotech/core/registry/ModCreativeTabs.java;com/gonzotech/core/registry/ModItems.java;com/gonzotech/machines/crafting/TierThreeCrafting.java
chip_blanky,chip_blanky,,chip_soup;chip_soup_from_gold_wire;chip_soup_from_silver_wire,,com/gonzotech/core/registry/ModCreativeTabs.java;com/gonzotech/core/registry/ModItems.java;com/gonzotech/machines/crafting/TierThreeCrafting.java;com/gonzotech/machines/litho/SiliconFactoryBlockEntity.java
chip_soup,chip_soup;chip_soup_from_gold_wire;chip_soup_from_silver_wire,,,,com/gonzotech/core/registry/ModCreativeTabs.java;com/gonzotech/core/registry/ModItems.java;com/gonzotech/machines/crafting/TierThreeCrafting.java;com/gonzotech/machines/litho/SiliconFactoryBlockEntity.java;com/gonzotech/machines/menu/SiliconFactoryMenu.java
chiseled_sculk_bricks,chiseled_sculk_bricks;chiseled_sculk_bricks_from_stonecutter,,,data/gonzotech/loot_table/blocks/chiseled_sculk_bricks.json,com/gonzotech/core/registry/ModBlocks.java;com/gonzotech/core/registry/ModItems.java
chromium_block,chromium_block,,chromium_ingot_from_chromium_block,data/gonzotech/loot_table/blocks/chromium_block.json,
chromium_dust,,,cantor_dust_from_metal_dusts;chromium_ingot_from_chromium_dust_blasting;chromium_ingot_from_chromium_dust_smelting;chromium_ingot_from_chromium_dust_smoking;photoresist;stainless_steel_dust_from_metal_dusts,,com/gonzotech/chalkboard/notes/ScholarNotesContent.java;com/gonzotech/machines/processing/CentrifugeRecipes.java
chromium_ingot,chromium_ingot_from_chromium_block;chromium_ingot_from_chromium_dust_blasting;chromium_ingot_from_chromium_dust_smelting;chromium_ingot_from_chromium_dust_smoking;chromium_ingot_from_deepslate_chromium_ore_blasting;chromium_ingot_from_deepslate_chromium_ore_smelting;chromium_ingot_from_nuggets;chromium_ingot_from_raw_chromium_blasting;chromium_ingot_from_raw_chromium_smelting,,chromium_block;chromium_nugget_from_chromium_ingot,,com/gonzotech/chalkboard/notes/ScholarNotesContent.java;com/gonzotech/core/registry/Metals.java
chromium_nugget,chromium_nugget_from_chromium_ingot,,chromium_ingot_from_nuggets,,
clinker_grit,clinker_grit_from_trio_grit_smelting,,andesite_silicate_clinker;armor_mix;barium_mix;industrial_concrete;reinforced_industrial_concrete,,com/gonzotech/core/registry/ModCreativeTabs.java;com/gonzotech/core/registry/ModItems.java;com/gonzotech/machines/processing/CrusherRecipes.java
cobalt_block,cobalt_block,,cobalt_ingot_from_cobalt_block,data/gonzotech/loot_table/blocks/cobalt_block.json,com/gonzotech/chalkboard/notes/ScholarNotesContent.java
cobalt_dust,,,alnico_dust_from_metal_dusts;cantor_dust_from_metal_dusts;cobalt_ingot_from_cobalt_dust_blasting;cobalt_ingot_from_cobalt_dust_smelting;cobalt_ingot_from_cobalt_dust_smoking;ferromagnetic_dust_from_metal_dusts,,com/gonzotech/chalkboard/notes/ScholarNotesContent.java;com/gonzotech/machines/processing/CentrifugeRecipes.java
cobalt_ingot,cobalt_ingot_from_cobalt_block;cobalt_ingot_from_cobalt_dust_blasting;cobalt_ingot_from_cobalt_dust_smelting;cobalt_ingot_from_cobalt_dust_smoking;cobalt_ingot_from_deepslate_cobalt_ore_blasting;cobalt_ingot_from_deepslate_cobalt_ore_smelting;cobalt_ingot_from_nether_cobalt_ore_blasting;cobalt_ingot_from_nether_cobalt_ore_smelting;cobalt_ingot_from_nuggets;cobalt_ingot_from_raw_cobalt_blasting;cobalt_ingot_from_raw_cobalt_smelting,,cobalt_block;cobalt_nugget_from_cobalt_ingot,,com/gonzotech/chalkboard/notes/ScholarNotesContent.java;com/gonzotech/core/registry/Metals.java
cobalt_nugget,cobalt_nugget_from_cobalt_ingot,,cobalt_ingot_from_nuggets,,com/gonzotech/machines/processing/CentrifugeRecipes.java
coil,coil,,inductive_module;second_cobble_generator;speedometer;uv_lamp;uv_lamp_from_aluminum_wire;uv_lamp_from_copper_wire;uv_lamp_from_gold_wire,,com/gonzotech/chalkboard/notes/ScholarNotesContent.java;com/gonzotech/core/registry/ModCreativeTabs.java;com/gonzotech/core/registry/ModItems.java;com/gonzotech/machines/crafting/TierTwoCrafting.java
condenser,condenser,,inductive_module;second_steamgen_core,data/gonzotech/loot_table/blocks/condenser.json,com/gonzotech/chalkboard/advancement/RecipeUnlocks.java;com/gonzotech/chalkboard/notes/ScholarNotesContent.java;com/gonzotech/machines/registry/ModBlockEntities.java;com/gonzotech/machines/registry/ModMachines.java
copper_dust,,,copper_ingot_from_copper_dust_blasting;copper_ingot_from_copper_dust_smelting;copper_ingot_from_copper_dust_smoking,,com/gonzotech/chalkboard/notes/ScholarNotesContent.java;com/gonzotech/core/registry/ModItems.java;com/gonzotech/machines/processing/AlloyMaterialCatalog.java;com/gonzotech/machines/processing/CentrifugeRecipes.java;com/gonzotech/machines/processing/GrinderRecipes.java;com/gonzotech/radiation/RadMaterials.java
copper_nugget,copper_nugget_from_copper_ingot,,copper_ingot_from_nuggets,,com/gonzotech/core/registry/ModItems.java;com/gonzotech/machines/processing/AlloyMaterialCatalog.java;com/gonzotech/machines/processing/CentrifugeRecipes.java;com/gonzotech/machines/processing/CrusherRecipes.java;com/gonzotech/radiation/RadMaterials.java
copper_plate,,,,,com/gonzotech/core/registry/ModCreativeTabs.java;com/gonzotech/core/registry/ModItems.java;com/gonzotech/machines/processing/PressRecipes.java;com/gonzotech/radiation/RadMaterials.java
copper_wire,,,chip_soup;coil;energy_module_redstone;inductive_module;logic_module;motor_copper;second_wire_copper;speedometer;third_silicon_factory_from_copper_wire;uv_lamp_from_copper_wire,,com/gonzotech/chalkboard/notes/ScholarNotesContent.java;com/gonzotech/core/registry/ModCreativeTabs.java;com/gonzotech/core/registry/ModItems.java;com/gonzotech/machines/processing/PressRecipes.java;com/gonzotech/radiation/RadMaterials.java
core_form,core_form,,,,com/gonzotech/chalkboard/notes/ScholarNotesContent.java;com/gonzotech/core/registry/ModCreativeTabs.java;com/gonzotech/core/registry/ModItems.java;com/gonzotech/machines/crafting/TierTwoCrafting.java;com/gonzotech/machines/processing/PressRecipes.java
corium,,,,data/gonzotech/loot_table/blocks/corium.json,com/gonzotech/core/registry/ModBlocks.java;com/gonzotech/core/registry/ModItems.java;com/gonzotech/radiation/RadSources.java
corium_bucket,,,,,com/gonzotech/core/fluid/ModFluids.java;com/gonzotech/radiation/RadSources.java
corten_steel_block,corten_steel_block,,corten_steel_ingot_from_corten_steel_block,data/gonzotech/loot_table/blocks/corten_steel_block.json,com/gonzotech/chalkboard/notes/ScholarNotesContent.java
corten_steel_dust,,,corten_steel_ingot_from_corten_steel_dust_blasting;corten_steel_ingot_from_corten_steel_dust_smelting;corten_steel_ingot_from_corten_steel_dust_smoking,,
corten_steel_ingot,corten_steel_ingot_from_corten_steel_block;corten_steel_ingot_from_corten_steel_dust_blasting;corten_steel_ingot_from_corten_steel_dust_smelting;corten_steel_ingot_from_corten_steel_dust_smoking;corten_steel_ingot_from_nuggets,,corten_steel_block;corten_steel_nugget_from_corten_steel_ingot,,com/gonzotech/chalkboard/notes/ScholarNotesContent.java;com/gonzotech/core/registry/Metals.java;com/gonzotech/machines/processing/AlloyFoundryRecipes.java
corten_steel_nugget,corten_steel_nugget_from_corten_steel_ingot,,corten_steel_ingot_from_nuggets,,
crimson_obsidian,,,energy_module_aluminum;energy_module_gold;energy_module_redstone;energy_module_silver;second_accumulator,data/gonzotech/loot_table/blocks/crimson_obsidian.json,com/gonzotech/chalkboard/notes/ScholarChapter.java;com/gonzotech/chalkboard/notes/ScholarNotesContent.java;com/gonzotech/core/registry/ModBlocks.java;com/gonzotech/core/registry/ModItems.java
custom_alloy,,,,,com/gonzotech/chalkboard/notes/ScholarNotesContent.java;com/gonzotech/core/item/AlloyArmorMaterials.java;com/gonzotech/core/recipe/AlloyEquipmentRecipe.java;com/gonzotech/core/registry/ModCreativeTabs.java;com/gonzotech/core/registry/ModItems.java;com/gonzotech/machines/processing/AlloyFoundryRecipes.java
cysteamine,,,,,com/gonzotech/core/registry/ModCreativeTabs.java;com/gonzotech/core/registry/ModItems.java;com/gonzotech/machines/processing/ChemicalPlantRecipes.java
dead_dirt,,,,data/gonzotech/loot_table/blocks/dead_dirt.json,com/gonzotech/core/registry/ModBlocks.java;com/gonzotech/core/registry/ModItems.java
dead_log,,,charcoal_from_dead_log,data/gonzotech/loot_table/blocks/dead_log.json,com/gonzotech/core/registry/ModBlocks.java;com/gonzotech/core/registry/ModItems.java
dead_sand,,,,data/gonzotech/loot_table/blocks/dead_sand.json,com/gonzotech/core/registry/ModBlocks.java;com/gonzotech/core/registry/ModItems.java
dead_slime_block,,,,data/gonzotech/loot_table/blocks/dead_slime_block.json,com/gonzotech/core/registry/ModBlocks.java;com/gonzotech/core/registry/ModItems.java;com/gonzotech/radiation/ItemToxicity.java;com/gonzotech/radiation/RadSources.java
dead_slime_bucket,,,,,com/gonzotech/core/block/DeadSlimeBlock.java;com/gonzotech/core/registry/ModCreativeTabs.java;com/gonzotech/core/registry/ModItems.java;com/gonzotech/radiation/ItemToxicity.java;com/gonzotech/radiation/RadSources.java
dead_stone,,,,data/gonzotech/loot_table/blocks/dead_stone.json,com/gonzotech/core/registry/ModBlocks.java;com/gonzotech/core/registry/ModItems.java
debris,,,,data/gonzotech/loot_table/blocks/debris.json,com/gonzotech/core/registry/ModBlocks.java;com/gonzotech/core/registry/ModItems.java
deepslate_barium_ore,,,barium_ingot_from_deepslate_barium_ore_blasting;barium_ingot_from_deepslate_barium_ore_smelting,data/gonzotech/loot_table/blocks/deepslate_barium_ore.json,
deepslate_calcium_ore,,,calcium_ingot_from_deepslate_calcium_ore_blasting;calcium_ingot_from_deepslate_calcium_ore_smelting,data/gonzotech/loot_table/blocks/deepslate_calcium_ore.json,
deepslate_cesium_ore,,,cesium_ingot_from_deepslate_cesium_ore_blasting;cesium_ingot_from_deepslate_cesium_ore_smelting,data/gonzotech/loot_table/blocks/deepslate_cesium_ore.json,com/gonzotech/chalkboard/notes/ScholarNotesContent.java
deepslate_chromium_ore,,,chromium_ingot_from_deepslate_chromium_ore_blasting;chromium_ingot_from_deepslate_chromium_ore_smelting,data/gonzotech/loot_table/blocks/deepslate_chromium_ore.json,
deepslate_cobalt_ore,,,cobalt_ingot_from_deepslate_cobalt_ore_blasting;cobalt_ingot_from_deepslate_cobalt_ore_smelting,data/gonzotech/loot_table/blocks/deepslate_cobalt_ore.json,
deepslate_iodine_ore,,,deepslate_iodine_ore_to_raw_iodine_blasting;deepslate_iodine_ore_to_raw_iodine_smelting,data/gonzotech/loot_table/blocks/deepslate_iodine_ore.json,
deepslate_iridium_ore,,,iridium_ingot_from_deepslate_iridium_ore_blasting;iridium_ingot_from_deepslate_iridium_ore_smelting,data/gonzotech/loot_table/blocks/deepslate_iridium_ore.json,
deepslate_magnesium_ore,,,magnesium_ingot_from_deepslate_magnesium_ore_blasting;magnesium_ingot_from_deepslate_magnesium_ore_smelting,data/gonzotech/loot_table/blocks/deepslate_magnesium_ore.json,
deepslate_manganese_ore,,,deepslate_manganese_ore_to_raw_manganese_blasting;deepslate_manganese_ore_to_raw_manganese_smelting,data/gonzotech/loot_table/blocks/deepslate_manganese_ore.json,
deepslate_mercury_ore,,,deepslate_mercury_ore_to_raw_mercury_blasting;deepslate_mercury_ore_to_raw_mercury_smelting,data/gonzotech/loot_table/blocks/deepslate_mercury_ore.json,
deepslate_nickel_ore,,,nickel_ingot_from_deepslate_nickel_ore_blasting;nickel_ingot_from_deepslate_nickel_ore_smelting,data/gonzotech/loot_table/blocks/deepslate_nickel_ore.json,
deepslate_osmium_ore,,,osmium_ingot_from_deepslate_osmium_ore_blasting;osmium_ingot_from_deepslate_osmium_ore_smelting,data/gonzotech/loot_table/blocks/deepslate_osmium_ore.json,
deepslate_palladium_ore,,,palladium_ingot_from_deepslate_palladium_ore_blasting;palladium_ingot_from_deepslate_palladium_ore_smelting,data/gonzotech/loot_table/blocks/deepslate_palladium_ore.json,
deepslate_platinum_ore,,,platinum_ingot_from_deepslate_platinum_ore_blasting;platinum_ingot_from_deepslate_platinum_ore_smelting,data/gonzotech/loot_table/blocks/deepslate_platinum_ore.json,
deepslate_silver_ore,,,silver_ingot_from_deepslate_silver_ore_blasting;silver_ingot_from_deepslate_silver_ore_smelting,data/gonzotech/loot_table/blocks/deepslate_silver_ore.json,
deepslate_tellurium_ore,,,tellurium_ingot_from_deepslate_tellurium_ore_blasting;tellurium_ingot_from_deepslate_tellurium_ore_smelting,data/gonzotech/loot_table/blocks/deepslate_tellurium_ore.json,
deepslate_thorium_ore,,,thorium_ingot_from_deepslate_thorium_ore_blasting;thorium_ingot_from_deepslate_thorium_ore_smelting,data/gonzotech/loot_table/blocks/deepslate_thorium_ore.json,
deepslate_tin_ore,,,tin_ingot_from_deepslate_tin_ore_blasting;tin_ingot_from_deepslate_tin_ore_smelting,data/gonzotech/loot_table/blocks/deepslate_tin_ore.json,
deepslate_titanium_ore,,,titanium_ingot_from_deepslate_titanium_ore_blasting;titanium_ingot_from_deepslate_titanium_ore_smelting,data/gonzotech/loot_table/blocks/deepslate_titanium_ore.json,
deepslate_tungsten_ore,,,tungsten_ingot_from_deepslate_tungsten_ore_blasting;tungsten_ingot_from_deepslate_tungsten_ore_smelting,data/gonzotech/loot_table/blocks/deepslate_tungsten_ore.json,
deepslate_uranium_ore,,,uranium_ingot_from_deepslate_uranium_ore_blasting;uranium_ingot_from_deepslate_uranium_ore_smelting,data/gonzotech/loot_table/blocks/deepslate_uranium_ore.json,
deepslate_zinc_ore,,,zinc_ingot_from_deepslate_zinc_ore_blasting;zinc_ingot_from_deepslate_zinc_ore_smelting,data/gonzotech/loot_table/blocks/deepslate_zinc_ore.json,
deepslate_zirconium_ore,,,zirconium_ingot_from_deepslate_zirconium_ore_blasting;zirconium_ingot_from_deepslate_zirconium_ore_smelting,data/gonzotech/loot_table/blocks/deepslate_zirconium_ore.json,
diorite_grit,,,trio_grit;white_porcelain_batch,,com/gonzotech/core/registry/ModCreativeTabs.java;com/gonzotech/core/registry/ModItems.java;com/gonzotech/machines/processing/CrusherRecipes.java
discovery_1,,,,,com/gonzotech/space/SpaceCommand.java
discovery_10,,,,,
discovery_11,,,,,
discovery_12,,,,,
discovery_13,,,,,
discovery_14,,,,,
discovery_15,,,,,
discovery_16,,,,,
discovery_2,,,,,com/gonzotech/space/SpaceCommand.java
discovery_3,,,,,com/gonzotech/chalkboard/network/NotesNetwork.java;com/gonzotech/chalkboard/notes/ScholarNoteFlags.java;com/gonzotech/space/SpaceCommand.java
discovery_4,,,,,
discovery_5,,,,,
discovery_6,,,,,
discovery_7,,,,,
discovery_8,,,,,
discovery_9,,,,,
distillate_bucket,,,,,com/gonzotech/core/fluid/ModFluids.java
dosimeter,dosimeter,,,,com/gonzotech/core/psyche/client/PsycheHud.java;com/gonzotech/core/registry/ModCreativeTabs.java;com/gonzotech/core/registry/ModItems.java;com/gonzotech/machines/crafting/TierThreeCrafting.java;com/gonzotech/radiation/RadSickness.java;com/gonzotech/radiation/RadiationSystem.java;com/gonzotech/radiation/RadiationVisualClient.java
dtpa,,,,,com/gonzotech/core/registry/ModCreativeTabs.java;com/gonzotech/core/registry/ModItems.java;com/gonzotech/machines/processing/ChemicalPlantRecipes.java
durable_ampoule,durable_ampoule,,uv_lamp;uv_lamp_from_aluminum_wire;uv_lamp_from_copper_wire;uv_lamp_from_gold_wire,,com/gonzotech/chalkboard/advancement/RecipeUnlocks.java;com/gonzotech/core/item/AmpouleItem.java;com/gonzotech/core/registry/ModCreativeTabs.java;com/gonzotech/core/registry/ModItems.java;com/gonzotech/machines/block/entity/FillerBlockEntity.java
durable_concrete,durable_concrete,,,data/gonzotech/loot_table/blocks/durable_concrete.json,com/gonzotech/chalkboard/advancement/RecipeUnlocks.java;com/gonzotech/core/registry/ModBlocks.java;com/gonzotech/core/registry/ModItems.java
dust_meter,dust_meter,,,,com/gonzotech/core/registry/ModCreativeTabs.java;com/gonzotech/core/registry/ModItems.java;com/gonzotech/machines/crafting/TierThreeCrafting.java
edta,,,,,com/gonzotech/core/registry/ModCreativeTabs.java;com/gonzotech/core/registry/ModItems.java;com/gonzotech/machines/processing/ChemicalPlantRecipes.java
electric_motor,motor_aluminum;motor_copper;motor_gold;motor_silver,,third_air_cleaner;third_air_filter,,com/gonzotech/core/registry/ModCreativeTabs.java;com/gonzotech/core/registry/ModItems.java
empty_ampoule,empty_ampoule,,,,com/gonzotech/chalkboard/advancement/RecipeUnlocks.java;com/gonzotech/core/item/AmpouleItem.java;com/gonzotech/core/registry/ModCreativeTabs.java;com/gonzotech/core/registry/ModItems.java;com/gonzotech/machines/block/entity/FillerBlockEntity.java;com/gonzotech/machines/processing/ChemicalPlantRecipes.java
energy_module,energy_module_aluminum;energy_module_gold;energy_module_redstone;energy_module_silver,,third_air_cleaner;third_air_filter;third_chemical_plant;third_distiller;third_filler;third_rectifier;third_silicon_factory;third_silicon_factory_from_copper_wire;third_silicon_factory_from_gold_wire;third_silicon_factory_from_silver_wire,,com/gonzotech/core/registry/ModCreativeTabs.java;com/gonzotech/core/registry/ModItems.java
ethanol_bucket,,,,,com/gonzotech/core/fluid/ModFluids.java
ethylene_bucket,,,,,com/gonzotech/core/event/Phase3Events.java;com/gonzotech/core/registry/ModCreativeTabs.java;com/gonzotech/core/registry/ModItems.java;com/gonzotech/machines/block/entity/FillerBlockEntity.java
europan_ice,,,,data/gonzotech/loot_table/blocks/europan_ice.json,com/gonzotech/core/registry/ModBlocks.java;com/gonzotech/core/registry/ModItems.java
ferromagnetic_block,ferromagnetic_block,,ferromagnetic_ingot_from_ferromagnetic_block,data/gonzotech/loot_table/blocks/ferromagnetic_block.json,
ferromagnetic_dust,ferromagnetic_dust_from_metal_dusts,,ferromagnetic_ingot_from_ferromagnetic_dust_blasting;ferromagnetic_ingot_from_ferromagnetic_dust_smelting;ferromagnetic_ingot_from_ferromagnetic_dust_smoking,,com/gonzotech/chalkboard/notes/ScholarNotesContent.java;com/gonzotech/machines/processing/ChemicalPlantRecipes.java
ferromagnetic_ingot,ferromagnetic_ingot_from_ferromagnetic_block;ferromagnetic_ingot_from_ferromagnetic_dust_blasting;ferromagnetic_ingot_from_ferromagnetic_dust_smelting;ferromagnetic_ingot_from_ferromagnetic_dust_smoking;ferromagnetic_ingot_from_nuggets,,ferromagnetic_block;ferromagnetic_nugget_from_ferromagnetic_ingot;inductive_module,,com/gonzotech/chalkboard/notes/ScholarNotesContent.java;com/gonzotech/core/registry/Metals.java;com/gonzotech/machines/processing/AlloyFoundryRecipes.java
ferromagnetic_nugget,ferromagnetic_nugget_from_ferromagnetic_ingot,,ferromagnetic_ingot_from_nuggets,,
filled_durable_ampoule,,,,,com/gonzotech/core/item/AmpouleItem.java;com/gonzotech/core/registry/ModCreativeTabs.java;com/gonzotech/core/registry/ModItems.java
firebox,firebox,,second_nuclear_firebox,data/gonzotech/loot_table/blocks/firebox.json,com/gonzotech/chalkboard/advancement/RecipeUnlocks.java;com/gonzotech/chalkboard/notes/ScholarNotesContent.java;com/gonzotech/chalkboard/notes/StructureModel.java;com/gonzotech/machines/registry/ModBlockEntities.java;com/gonzotech/machines/registry/ModMachines.java;com/gonzotech/machines/registry/ModMenus.java
first_accumulator,first_accumulator,,,data/gonzotech/loot_table/blocks/first_accumulator.json,com/gonzotech/chalkboard/advancement/RecipeUnlocks.java;com/gonzotech/chalkboard/notes/ScholarNotesContent.java;com/gonzotech/machines/registry/ModBlockEntities.java;com/gonzotech/machines/registry/ModMachines.java;com/gonzotech/machines/registry/ModMenus.java
first_cobble_generator,first_cobble_generator,,,data/gonzotech/loot_table/blocks/first_cobble_generator.json,com/gonzotech/chalkboard/advancement/RecipeUnlocks.java;com/gonzotech/chalkboard/notes/ScholarNotesContent.java;com/gonzotech/machines/registry/ModBlockEntities.java;com/gonzotech/machines/registry/ModMachines.java;com/gonzotech/machines/registry/ModMenus.java
first_electric_furnace,first_electric_furnace,,second_electric_furnace,data/gonzotech/loot_table/blocks/first_electric_furnace.json,com/gonzotech/chalkboard/advancement/RecipeUnlocks.java;com/gonzotech/chalkboard/notes/ScholarNotesContent.java;com/gonzotech/machines/registry/ModBlockEntities.java;com/gonzotech/machines/registry/ModMachines.java;com/gonzotech/machines/registry/ModMenus.java
first_heat_node,first_heat_node,,,data/gonzotech/loot_table/blocks/first_heat_node.json,com/gonzotech/chalkboard/advancement/RecipeUnlocks.java;com/gonzotech/chalkboard/notes/ScholarNotesContent.java;com/gonzotech/machines/registry/ModMachines.java
first_heat_pipe,first_heat_pipe,,first_heat_node;first_universal_node,data/gonzotech/loot_table/blocks/composite_pipe.json;data/gonzotech/loot_table/blocks/first_heat_pipe.json,com/gonzotech/chalkboard/advancement/RecipeUnlocks.java;com/gonzotech/chalkboard/notes/ScholarNotesContent.java;com/gonzotech/machines/network/PipeType.java;com/gonzotech/machines/registry/ModMachines.java
first_item_filter,first_item_filter,,,data/gonzotech/loot_table/blocks/first_item_filter.json,com/gonzotech/chalkboard/advancement/RecipeUnlocks.java;com/gonzotech/chalkboard/notes/ScholarNotesContent.java;com/gonzotech/machines/registry/ModBlockEntities.java;com/gonzotech/machines/registry/ModMachines.java;com/gonzotech/machines/registry/ModMenus.java
first_item_node,first_item_node,,,data/gonzotech/loot_table/blocks/first_item_node.json,com/gonzotech/chalkboard/advancement/RecipeUnlocks.java;com/gonzotech/chalkboard/notes/ScholarNotesContent.java;com/gonzotech/machines/registry/ModMachines.java
first_item_pipe,first_item_pipe,,first_item_node;first_universal_node,data/gonzotech/loot_table/blocks/composite_pipe.json;data/gonzotech/loot_table/blocks/first_item_pipe.json,com/gonzotech/chalkboard/advancement/RecipeUnlocks.java;com/gonzotech/chalkboard/notes/ScholarNotesContent.java;com/gonzotech/machines/network/PipeType.java;com/gonzotech/machines/registry/ModMachines.java
first_item_scavenger,first_item_scavenger,,,data/gonzotech/loot_table/blocks/first_item_scavenger.json,com/gonzotech/chalkboard/advancement/RecipeUnlocks.java;com/gonzotech/chalkboard/notes/ScholarNotesContent.java;com/gonzotech/machines/registry/ModMachines.java
first_pump,first_pump,,,data/gonzotech/loot_table/blocks/first_pump.json,com/gonzotech/chalkboard/advancement/RecipeUnlocks.java;com/gonzotech/chalkboard/notes/ScholarNotesContent.java;com/gonzotech/machines/registry/ModBlockEntities.java;com/gonzotech/machines/registry/ModMachines.java;com/gonzotech/machines/registry/ModMenus.java
first_steam_node,first_steam_node,,,data/gonzotech/loot_table/blocks/first_steam_node.json,com/gonzotech/chalkboard/advancement/RecipeUnlocks.java;com/gonzotech/chalkboard/notes/ScholarNotesContent.java;com/gonzotech/chalkboard/notes/StructureModel.java;com/gonzotech/machines/registry/ModMachines.java
first_steam_pipe,first_steam_pipe,,first_steam_node,data/gonzotech/loot_table/blocks/composite_pipe.json;data/gonzotech/loot_table/blocks/first_steam_pipe.json,com/gonzotech/chalkboard/advancement/RecipeUnlocks.java;com/gonzotech/chalkboard/notes/ScholarNotesContent.java;com/gonzotech/machines/network/PipeType.java;com/gonzotech/machines/registry/ModMachines.java
first_turbine_casing,first_turbine_casing,,,data/gonzotech/loot_table/blocks/first_turbine_casing.json,com/gonzotech/chalkboard/advancement/RecipeUnlocks.java;com/gonzotech/chalkboard/notes/ScholarNotesContent.java;com/gonzotech/chalkboard/notes/StructureModel.java;com/gonzotech/machines/registry/ModMachines.java
first_turbine_rotor,first_turbine_rotor,,second_centrifuge,data/gonzotech/loot_table/blocks/first_turbine_rotor.json,com/gonzotech/chalkboard/advancement/RecipeUnlocks.java;com/gonzotech/chalkboard/notes/ScholarNotesContent.java;com/gonzotech/chalkboard/notes/StructureModel.java;com/gonzotech/machines/registry/ModBlockEntities.java;com/gonzotech/machines/registry/ModMachines.java
first_universal_fluid_node,first_universal_fluid_node,,,data/gonzotech/loot_table/blocks/first_universal_fluid_node.json,com/gonzotech/chalkboard/advancement/RecipeUnlocks.java;com/gonzotech/chalkboard/notes/ScholarNotesContent.java;com/gonzotech/machines/registry/ModMachines.java
first_universal_fluid_pipe,first_universal_fluid_pipe,,first_universal_fluid_node;first_universal_node,data/gonzotech/loot_table/blocks/composite_pipe.json;data/gonzotech/loot_table/blocks/first_universal_fluid_pipe.json,com/gonzotech/chalkboard/advancement/RecipeUnlocks.java;com/gonzotech/chalkboard/notes/ScholarNotesContent.java;com/gonzotech/machines/registry/ModMachines.java
first_universal_node,first_universal_node,,,data/gonzotech/loot_table/blocks/first_universal_node.json,com/gonzotech/chalkboard/advancement/RecipeUnlocks.java;com/gonzotech/chalkboard/notes/ScholarNotesContent.java;com/gonzotech/machines/registry/ModMachines.java
first_water_node,first_water_node,,,data/gonzotech/loot_table/blocks/first_water_node.json,com/gonzotech/chalkboard/advancement/RecipeUnlocks.java;com/gonzotech/chalkboard/notes/ScholarNotesContent.java;com/gonzotech/machines/registry/ModMachines.java
first_water_pipe,first_water_pipe,,first_water_node,data/gonzotech/loot_table/blocks/composite_pipe.json;data/gonzotech/loot_table/blocks/first_water_pipe.json,com/gonzotech/chalkboard/advancement/RecipeUnlocks.java;com/gonzotech/chalkboard/notes/ScholarNotesContent.java;com/gonzotech/machines/network/PipeType.java;com/gonzotech/machines/registry/ModMachines.java
first_wire,first_wire,,first_wire_node,data/gonzotech/loot_table/blocks/composite_pipe.json;data/gonzotech/loot_table/blocks/first_wire.json,com/gonzotech/chalkboard/advancement/RecipeUnlocks.java;com/gonzotech/chalkboard/notes/ScholarChapter.java;com/gonzotech/chalkboard/notes/ScholarNotesContent.java;com/gonzotech/machines/network/PipeType.java;com/gonzotech/machines/registry/ModMachines.java
first_wire_node,first_wire_node,,first_universal_node;second_accumulator;second_alloy_foundry;second_centrifuge;second_cobble_generator;second_electric_furnace;second_grinder,data/gonzotech/loot_table/blocks/first_wire_node.json,com/gonzotech/chalkboard/advancement/RecipeUnlocks.java;com/gonzotech/chalkboard/notes/ScholarNotesContent.java;com/gonzotech/chalkboard/notes/StructureModel.java;com/gonzotech/machines/registry/ModMachines.java
flat_punch,flat_punch,,,,com/gonzotech/chalkboard/notes/ScholarNotesContent.java;com/gonzotech/core/registry/ModCreativeTabs.java;com/gonzotech/core/registry/ModItems.java;com/gonzotech/machines/crafting/TierTwoCrafting.java;com/gonzotech/machines/processing/PressRecipes.java
fluid_module,fluid_module,,canister;canister_from_stainless_steel;third_chemical_plant;third_distiller;third_fermentation_vat;third_filler;third_rectifier;third_wort_kettle,,com/gonzotech/core/registry/ModCreativeTabs.java;com/gonzotech/core/registry/ModItems.java;com/gonzotech/machines/crafting/TierThreeCrafting.java
formaldehyde_bucket,,,,,com/gonzotech/core/fluid/ModFluids.java;com/gonzotech/radiation/ItemToxicity.java
gold_plate,,,,,com/gonzotech/core/registry/ModCreativeTabs.java;com/gonzotech/core/registry/ModItems.java;com/gonzotech/machines/processing/PressRecipes.java
gold_wire,,,chip_soup_from_gold_wire;energy_module_gold;motor_gold;second_wire_gold;third_silicon_factory_from_gold_wire;transistor;uv_lamp_from_gold_wire,,com/gonzotech/chalkboard/notes/ScholarNotesContent.java;com/gonzotech/core/registry/ModCreativeTabs.java;com/gonzotech/core/registry/ModItems.java;com/gonzotech/machines/processing/PressRecipes.java
gonzo_painting,,,,,com/gonzotech/core/registry/ModCreativeTabs.java;com/gonzotech/core/registry/ModItems.java;com/gonzotech/mixin/GonzoPaintingMixin.java
granite_grit,,,armor_mix;trio_grit,,com/gonzotech/core/registry/ModCreativeTabs.java;com/gonzotech/core/registry/ModItems.java;com/gonzotech/machines/processing/CrusherRecipes.java
hard_resinous_sawdust,,,,,com/gonzotech/core/registry/ModCreativeTabs.java;com/gonzotech/core/registry/ModItems.java;com/gonzotech/machines/processing/ChemicalPlantRecipes.java;com/gonzotech/machines/processing/GrinderRecipes.java
hazmat_boots,hazmat_boots,,,,com/gonzotech/chalkboard/advancement/RecipeUnlocks.java;com/gonzotech/core/registry/ModItems.java;com/gonzotech/machines/crafting/TierTwoCrafting.java
hazmat_chestplate,hazmat_chestplate,,,,com/gonzotech/chalkboard/advancement/RecipeUnlocks.java;com/gonzotech/core/registry/ModItems.java;com/gonzotech/machines/crafting/TierTwoCrafting.java
hazmat_helmet,hazmat_helmet,,,,com/gonzotech/chalkboard/advancement/RecipeUnlocks.java;com/gonzotech/core/registry/ModItems.java;com/gonzotech/machines/crafting/TierTwoCrafting.java
hazmat_leggings,hazmat_leggings,,,,com/gonzotech/chalkboard/advancement/RecipeUnlocks.java;com/gonzotech/core/registry/ModItems.java;com/gonzotech/machines/crafting/TierTwoCrafting.java
inductive_module,inductive_module,,motor_aluminum;motor_copper;motor_gold;motor_silver;second_accumulator;second_alloy_foundry;second_centrifuge;second_electric_furnace;solar_watch,,com/gonzotech/chalkboard/notes/ScholarNotesContent.java;com/gonzotech/core/registry/ModCreativeTabs.java;com/gonzotech/core/registry/ModItems.java;com/gonzotech/machines/crafting/TierTwoCrafting.java
industrial_concrete,industrial_concrete,,,data/gonzotech/loot_table/blocks/industrial_concrete.json;data/gonzotech/loot_table/blocks/reinforced_industrial_concrete.json,com/gonzotech/chalkboard/advancement/RecipeUnlocks.java;com/gonzotech/core/registry/ModBlocks.java;com/gonzotech/core/registry/ModItems.java
ingot_form,ingot_form,,,,com/gonzotech/chalkboard/notes/ScholarNotesContent.java;com/gonzotech/core/registry/ModCreativeTabs.java;com/gonzotech/core/registry/ModItems.java;com/gonzotech/machines/crafting/TierTwoCrafting.java;com/gonzotech/machines/processing/PressRecipes.java
invar_block,invar_block,,invar_ingot_from_invar_block,data/gonzotech/loot_table/blocks/invar_block.json,com/gonzotech/chalkboard/notes/ScholarNotesContent.java
invar_dust,invar_dust_from_metal_dusts,,invar_ingot_from_invar_dust_blasting;invar_ingot_from_invar_dust_smelting;invar_ingot_from_invar_dust_smoking,,com/gonzotech/chalkboard/notes/ScholarNotesContent.java
invar_ingot,invar_ingot_from_invar_block;invar_ingot_from_invar_dust_blasting;invar_ingot_from_invar_dust_smelting;invar_ingot_from_invar_dust_smoking;invar_ingot_from_nuggets,,invar_block;invar_nugget_from_invar_ingot,,com/gonzotech/core/registry/Metals.java;com/gonzotech/machines/processing/AlloyFoundryRecipes.java
invar_nugget,invar_nugget_from_invar_ingot,,invar_ingot_from_nuggets,,
iodine_block,iodine_block,,iodine_ingot_from_iodine_block,data/gonzotech/loot_table/blocks/iodine_block.json,com/gonzotech/chalkboard/notes/ScholarNotesContent.java
iodine_ingot,iodine_ingot_from_iodine_block,,iodine_block,,com/gonzotech/core/registry/Metals.java;com/gonzotech/machines/processing/PressRecipes.java
iodine_ore,,,iodine_ore_to_raw_iodine_blasting;iodine_ore_to_raw_iodine_smelting,data/gonzotech/loot_table/blocks/iodine_ore.json,
iridium_block,iridium_block,,iridium_ingot_from_iridium_block,data/gonzotech/loot_table/blocks/iridium_block.json,
iridium_dust,,,iridium_ingot_from_iridium_dust_blasting;iridium_ingot_from_iridium_dust_smelting;iridium_ingot_from_iridium_dust_smoking,,com/gonzotech/machines/processing/CentrifugeRecipes.java
iridium_ingot,iridium_ingot_from_deepslate_iridium_ore_blasting;iridium_ingot_from_deepslate_iridium_ore_smelting;iridium_ingot_from_iridium_block;iridium_ingot_from_iridium_dust_blasting;iridium_ingot_from_iridium_dust_smelting;iridium_ingot_from_iridium_dust_smoking;iridium_ingot_from_nuggets;iridium_ingot_from_raw_iridium_blasting;iridium_ingot_from_raw_iridium_smelting,,iridium_block;iridium_nugget_from_iridium_ingot,,com/gonzotech/core/registry/Metals.java
iridium_nugget,iridium_nugget_from_iridium_ingot,,iridium_ingot_from_nuggets,,
iron_dust,,,alnico_dust_from_metal_dusts;armor_mix;cantor_dust_from_metal_dusts;ferromagnetic_dust_from_metal_dusts;invar_dust_from_metal_dusts;iron_ingot_from_iron_dust_blasting;iron_ingot_from_iron_dust_smelting;iron_ingot_from_iron_dust_smoking;steel_dust_from_iron_dust_and_coal,,com/gonzotech/chalkboard/notes/ScholarNotesContent.java;com/gonzotech/core/registry/ModItems.java;com/gonzotech/machines/processing/AlloyMaterialCatalog.java;com/gonzotech/machines/processing/CentrifugeRecipes.java;com/gonzotech/machines/processing/GrinderRecipes.java
iron_plate,,,second_accumulator;second_alloy_foundry;second_centrifuge;second_cobble_generator;second_electric_furnace;second_item_filter;second_item_node;second_pump,,com/gonzotech/chalkboard/notes/ScholarNotesContent.java;com/gonzotech/core/registry/ModCreativeTabs.java;com/gonzotech/core/registry/ModItems.java;com/gonzotech/machines/processing/PressRecipes.java
lead_block,lead_block,,lead_ingot_from_lead_block;second_nuclear_firebox,data/gonzotech/loot_table/blocks/lead_block.json,com/gonzotech/chalkboard/notes/ScholarNotesContent.java
lead_dust,,,lead_ingot_from_lead_dust_blasting;lead_ingot_from_lead_dust_smelting;lead_ingot_from_lead_dust_smoking,data/gonzotech/loot_table/blocks/weathered_debris.json,com/gonzotech/machines/processing/CentrifugeRecipes.java
lead_ingot,lead_ingot_from_lead_block;lead_ingot_from_lead_dust_blasting;lead_ingot_from_lead_dust_smelting;lead_ingot_from_lead_dust_smoking;lead_ingot_from_nuggets,,hazmat_boots;hazmat_chestplate;hazmat_helmet;hazmat_leggings;lead_block;lead_nugget_from_lead_ingot;lead_stained_glass;second_nuclear_firebox;third_heavy_door_lead;waste_barrel,data/gonzotech/loot_table/blocks/debris.json,com/gonzotech/chalkboard/notes/ScholarNotesContent.java;com/gonzotech/core/event/Phase3Events.java;com/gonzotech/core/registry/Metals.java;com/gonzotech/machines/block/entity/SmeltSideEffects.java
lead_nugget,lead_nugget_from_lead_ingot,,lead_ingot_from_nuggets,data/gonzotech/loot_table/blocks/debris.json,com/gonzotech/chalkboard/notes/ScholarNotesContent.java;com/gonzotech/machines/processing/CentrifugeRecipes.java;com/gonzotech/machines/processing/CrusherRecipes.java
lead_stained_glass,lead_stained_glass,,third_heavy_door_lead,data/gonzotech/loot_table/blocks/lead_stained_glass.json,com/gonzotech/core/registry/ModBlocks.java;com/gonzotech/core/registry/ModItems.java
leaky_bucket,,,,,com/gonzotech/core/event/Phase3Events.java;com/gonzotech/core/item/CorrosiveBucketItem.java;com/gonzotech/core/item/CorrosiveFluidBucketItem.java;com/gonzotech/core/registry/ModCreativeTabs.java;com/gonzotech/core/registry/ModItems.java;com/gonzotech/machines/block/entity/FillerBlockEntity.java
lithium_block,lithium_block,,lithium_ingot_from_lithium_block,data/gonzotech/loot_table/blocks/lithium_block.json,
lithium_dust,,,lithium_ingot_from_lithium_dust_blasting;lithium_ingot_from_lithium_dust_smelting;lithium_ingot_from_lithium_dust_smoking,,com/gonzotech/machines/processing/CentrifugeRecipes.java
lithium_ingot,lithium_ingot_from_lithium_block;lithium_ingot_from_lithium_dust_blasting;lithium_ingot_from_lithium_dust_smelting;lithium_ingot_from_lithium_dust_smoking;lithium_ingot_from_nuggets,,lithium_block;lithium_nugget_from_lithium_ingot,,com/gonzotech/core/registry/Metals.java
lithium_nugget,lithium_nugget_from_lithium_ingot,,lithium_ingot_from_nuggets,,com/gonzotech/chalkboard/notes/ScholarNotesContent.java;com/gonzotech/machines/processing/CrusherRecipes.java
logic_module,logic_module,,chip_blank;dust_meter;third_chemical_plant;third_filler;transistor;uv_meter,,com/gonzotech/core/registry/ModCreativeTabs.java;com/gonzotech/core/registry/ModItems.java;com/gonzotech/machines/crafting/TierThreeCrafting.java
lunar_dirt,,,,data/gonzotech/loot_table/blocks/lunar_dirt.json,com/gonzotech/core/registry/ModBlocks.java;com/gonzotech/core/registry/ModItems.java
lunar_sand,,,,data/gonzotech/loot_table/blocks/lunar_sand.json,com/gonzotech/core/registry/ModBlocks.java;com/gonzotech/core/registry/ModItems.java
lunar_stone,,,,data/gonzotech/loot_table/blocks/lunar_stone.json,com/gonzotech/core/registry/ModBlocks.java;com/gonzotech/core/registry/ModItems.java
magnesium_block,magnesium_block,,magnesium_ingot_from_magnesium_block,data/gonzotech/loot_table/blocks/magnesium_block.json,
magnesium_dust,,,magnesium_ingot_from_magnesium_dust_blasting;magnesium_ingot_from_magnesium_dust_smelting;magnesium_ingot_from_magnesium_dust_smoking,,com/gonzotech/machines/processing/CentrifugeRecipes.java
magnesium_ingot,magnesium_ingot_from_deepslate_magnesium_ore_blasting;magnesium_ingot_from_deepslate_magnesium_ore_smelting;magnesium_ingot_from_magnesium_block;magnesium_ingot_from_magnesium_dust_blasting;magnesium_ingot_from_magnesium_dust_smelting;magnesium_ingot_from_magnesium_dust_smoking;magnesium_ingot_from_magnesium_ore_blasting;magnesium_ingot_from_magnesium_ore_smelting;magnesium_ingot_from_nuggets;magnesium_ingot_from_raw_magnesium_blasting;magnesium_ingot_from_raw_magnesium_smelting,,magnesium_block;magnesium_nugget_from_magnesium_ingot,,com/gonzotech/core/registry/Metals.java
magnesium_nugget,magnesium_nugget_from_magnesium_ingot,,magnesium_ingot_from_nuggets,,com/gonzotech/machines/processing/CentrifugeRecipes.java;com/gonzotech/machines/processing/CrusherRecipes.java
magnesium_ore,,,magnesium_ingot_from_magnesium_ore_blasting;magnesium_ingot_from_magnesium_ore_smelting,data/gonzotech/loot_table/blocks/magnesium_ore.json,
manganese_block,manganese_block,,manganese_ingot_from_manganese_block,data/gonzotech/loot_table/blocks/manganese_block.json,com/gonzotech/chalkboard/notes/ScholarNotesContent.java
manganese_dust,,,cantor_dust_from_metal_dusts,,com/gonzotech/machines/processing/GrinderRecipes.java
manganese_ingot,manganese_ingot_from_manganese_block,,manganese_block,,com/gonzotech/core/registry/Metals.java;com/gonzotech/machines/processing/PressRecipes.java
manganese_ore,,,manganese_ore_to_raw_manganese_blasting;manganese_ore_to_raw_manganese_smelting,data/gonzotech/loot_table/blocks/manganese_ore.json,
martian_dirt,,,,data/gonzotech/loot_table/blocks/martian_dirt.json,com/gonzotech/core/registry/ModBlocks.java;com/gonzotech/core/registry/ModItems.java
martian_stone,,,,data/gonzotech/loot_table/blocks/martian_stone.json,com/gonzotech/core/registry/ModBlocks.java;com/gonzotech/core/registry/ModItems.java
mash_bucket,,,,,com/gonzotech/core/fluid/ModFluids.java
mechanisms,,,,data/gonzotech/loot_table/blocks/mechanisms.json,com/gonzotech/core/registry/ModBlocks.java;com/gonzotech/core/registry/ModItems.java
mercury_block,mercury_block,,mercury_ingot_from_mercury_block,data/gonzotech/loot_table/blocks/mercury_block.json,
mercury_ingot,mercury_ingot_from_mercury_block;mercury_ingot_from_nuggets,,mercury_block;mercury_nugget_from_mercury_ingot;uv_lamp;uv_lamp_from_aluminum_wire;uv_lamp_from_copper_wire;uv_lamp_from_gold_wire,,com/gonzotech/core/registry/Metals.java
mercury_nugget,mercury_nugget_from_mercury_ingot,,mercury_ingot_from_nuggets,,com/gonzotech/machines/processing/CentrifugeRecipes.java
mercury_ore,,,mercury_ore_to_raw_mercury_blasting;mercury_ore_to_raw_mercury_smelting,data/gonzotech/loot_table/blocks/mercury_ore.json,
meteor,,,,data/gonzotech/loot_table/blocks/meteor.json,com/gonzotech/core/registry/ModBlocks.java;com/gonzotech/core/registry/ModFeatures.java;com/gonzotech/core/registry/ModItems.java
mox_fuel,,,,,com/gonzotech/core/registry/ModCreativeTabs.java;com/gonzotech/core/registry/ModItems.java;com/gonzotech/radiation/RadSources.java
neodymium_block,neodymium_block,,neodymium_ingot_from_neodymium_block,data/gonzotech/loot_table/blocks/neodymium_block.json,
neodymium_dust,,,neodymium_ingot_from_neodymium_dust_blasting;neodymium_ingot_from_neodymium_dust_smelting;neodymium_ingot_from_neodymium_dust_smoking,,com/gonzotech/machines/processing/CentrifugeRecipes.java
neodymium_ingot,neodymium_ingot_from_neodymium_block;neodymium_ingot_from_neodymium_dust_blasting;neodymium_ingot_from_neodymium_dust_smelting;neodymium_ingot_from_neodymium_dust_smoking;neodymium_ingot_from_nuggets,,neodymium_block;neodymium_nugget_from_neodymium_ingot,,com/gonzotech/chalkboard/notes/ScholarNotesContent.java;com/gonzotech/core/registry/Metals.java
neodymium_nugget,neodymium_nugget_from_neodymium_ingot,,neodymium_ingot_from_nuggets,,com/gonzotech/chalkboard/notes/ScholarNotesContent.java;com/gonzotech/machines/processing/CentrifugeRecipes.java;com/gonzotech/machines/processing/CrusherRecipes.java
nether_cobalt_ore,,,cobalt_ingot_from_nether_cobalt_ore_blasting;cobalt_ingot_from_nether_cobalt_ore_smelting,data/gonzotech/loot_table/blocks/nether_cobalt_ore.json,
nether_iodine_ore,,,nether_iodine_ore_to_raw_iodine_blasting;nether_iodine_ore_to_raw_iodine_smelting,data/gonzotech/loot_table/blocks/nether_iodine_ore.json,
nether_nickel_ore,,,nickel_ingot_from_nether_nickel_ore_blasting;nickel_ingot_from_nether_nickel_ore_smelting,data/gonzotech/loot_table/blocks/nether_nickel_ore.json,
nether_sulfur_ore,,,nether_sulfur_ore_to_raw_sulfur_blasting;nether_sulfur_ore_to_raw_sulfur_smelting,data/gonzotech/loot_table/blocks/nether_sulfur_ore.json,
nether_thorium_ore,,,thorium_ingot_from_nether_thorium_ore_blasting;thorium_ingot_from_nether_thorium_ore_smelting,data/gonzotech/loot_table/blocks/nether_thorium_ore.json,
nickel_block,nickel_block,,nickel_ingot_from_nickel_block,data/gonzotech/loot_table/blocks/nickel_block.json,
nickel_dust,,,alnico_dust_from_metal_dusts;cantor_dust_from_metal_dusts;ferromagnetic_dust_from_metal_dusts;invar_dust_from_metal_dusts;nickel_ingot_from_nickel_dust_blasting;nickel_ingot_from_nickel_dust_smelting;nickel_ingot_from_nickel_dust_smoking;nitinol_dust_from_metal_dusts;stainless_steel_dust_from_metal_dusts,,com/gonzotech/chalkboard/notes/ScholarNotesContent.java;com/gonzotech/machines/processing/CentrifugeRecipes.java
nickel_ingot,nickel_ingot_from_deepslate_nickel_ore_blasting;nickel_ingot_from_deepslate_nickel_ore_smelting;nickel_ingot_from_nether_nickel_ore_blasting;nickel_ingot_from_nether_nickel_ore_smelting;nickel_ingot_from_nickel_block;nickel_ingot_from_nickel_dust_blasting;nickel_ingot_from_nickel_dust_smelting;nickel_ingot_from_nickel_dust_smoking;nickel_ingot_from_nickel_ore_blasting;nickel_ingot_from_nickel_ore_smelting;nickel_ingot_from_nuggets;nickel_ingot_from_raw_nickel_blasting;nickel_ingot_from_raw_nickel_smelting,,nickel_block;nickel_nugget_from_nickel_ingot;solar_watch,,com/gonzotech/chalkboard/notes/ScholarNotesContent.java;com/gonzotech/core/registry/Metals.java;com/gonzotech/machines/processing/PressRecipes.java
nickel_nugget,nickel_nugget_from_nickel_ingot,,nickel_ingot_from_nuggets,,com/gonzotech/machines/processing/CrusherRecipes.java
nickel_ore,,,nickel_ingot_from_nickel_ore_blasting;nickel_ingot_from_nickel_ore_smelting,data/gonzotech/loot_table/blocks/nickel_ore.json,
nickel_plate,,,second_universal_node;second_wire_aluminum;second_wire_copper;second_wire_gold;second_wire_node;second_wire_silver;sheathing;third_chemical_plant;third_filler,data/gonzotech/loot_table/blocks/weathered_plating.json,com/gonzotech/chalkboard/notes/ScholarNotesContent.java;com/gonzotech/core/registry/ModCreativeTabs.java;com/gonzotech/core/registry/ModItems.java;com/gonzotech/machines/processing/PressRecipes.java
nitinol_block,nitinol_block,,nitinol_ingot_from_nitinol_block,data/gonzotech/loot_table/blocks/nitinol_block.json,com/gonzotech/chalkboard/notes/ScholarNotesContent.java
nitinol_dust,nitinol_dust_from_metal_dusts,,nitinol_ingot_from_nitinol_dust_blasting;nitinol_ingot_from_nitinol_dust_smelting;nitinol_ingot_from_nitinol_dust_smoking,,com/gonzotech/chalkboard/notes/ScholarNotesContent.java
nitinol_ingot,nitinol_ingot_from_nitinol_block;nitinol_ingot_from_nitinol_dust_blasting;nitinol_ingot_from_nitinol_dust_smelting;nitinol_ingot_from_nitinol_dust_smoking;nitinol_ingot_from_nuggets,,nitinol_block;nitinol_nugget_from_nitinol_ingot,,com/gonzotech/core/registry/Metals.java;com/gonzotech/machines/processing/AlloyFoundryRecipes.java
nitinol_nugget,nitinol_nugget_from_nitinol_ingot,,nitinol_ingot_from_nuggets,,
obsidian_bucket,,,,,com/gonzotech/core/event/Phase3Events.java;com/gonzotech/core/registry/ModCreativeTabs.java;com/gonzotech/core/registry/ModItems.java;com/gonzotech/machines/block/entity/CobbleGeneratorBlockEntity.java
osmium_block,osmium_block,,osmium_ingot_from_osmium_block,data/gonzotech/loot_table/blocks/osmium_block.json,
osmium_dust,,,osmium_ingot_from_osmium_dust_blasting;osmium_ingot_from_osmium_dust_smelting;osmium_ingot_from_osmium_dust_smoking,,com/gonzotech/machines/processing/CentrifugeRecipes.java
osmium_ingot,osmium_ingot_from_deepslate_osmium_ore_blasting;osmium_ingot_from_deepslate_osmium_ore_smelting;osmium_ingot_from_nuggets;osmium_ingot_from_osmium_block;osmium_ingot_from_osmium_dust_blasting;osmium_ingot_from_osmium_dust_smelting;osmium_ingot_from_osmium_dust_smoking;osmium_ingot_from_raw_osmium_blasting;osmium_ingot_from_raw_osmium_smelting,,osmium_block;osmium_nugget_from_osmium_ingot,,com/gonzotech/core/registry/Metals.java
osmium_nugget,osmium_nugget_from_osmium_ingot,,osmium_ingot_from_nuggets,,
palladium_block,palladium_block,,palladium_ingot_from_palladium_block,data/gonzotech/loot_table/blocks/palladium_block.json,
palladium_dust,,,palladium_ingot_from_palladium_dust_blasting;palladium_ingot_from_palladium_dust_smelting;palladium_ingot_from_palladium_dust_smoking,,com/gonzotech/machines/processing/CentrifugeRecipes.java
palladium_ingot,palladium_ingot_from_deepslate_palladium_ore_blasting;palladium_ingot_from_deepslate_palladium_ore_smelting;palladium_ingot_from_nuggets;palladium_ingot_from_palladium_block;palladium_ingot_from_palladium_dust_blasting;palladium_ingot_from_palladium_dust_smelting;palladium_ingot_from_palladium_dust_smoking;palladium_ingot_from_raw_palladium_blasting;palladium_ingot_from_raw_palladium_smelting,,palladium_block;palladium_nugget_from_palladium_ingot,,com/gonzotech/core/registry/Metals.java
palladium_nugget,palladium_nugget_from_palladium_ingot,,palladium_ingot_from_nuggets,,com/gonzotech/cleanroom/AirFilterBlockEntity.java;com/gonzotech/machines/processing/ChemicalPlantRecipes.java
paper_fabric,paper_fabric,,hazmat_boots;hazmat_chestplate;hazmat_helmet;hazmat_leggings,,com/gonzotech/core/registry/ModCreativeTabs.java;com/gonzotech/core/registry/ModItems.java;com/gonzotech/machines/processing/ChemicalPlantRecipes.java
pentacin,,,,,com/gonzotech/core/registry/ModCreativeTabs.java;com/gonzotech/core/registry/ModItems.java;com/gonzotech/machines/processing/ChemicalPlantRecipes.java
pet_bowl,pet_bowl,,,data/gonzotech/loot_table/blocks/pet_bowl.json,com/gonzotech/core/registry/ModBlocks.java;com/gonzotech/core/registry/ModItems.java;com/gonzotech/machines/registry/ModBlockEntities.java
photoresist,photoresist,,chip_blanky,,com/gonzotech/core/registry/ModCreativeTabs.java;com/gonzotech/core/registry/ModItems.java;com/gonzotech/machines/crafting/TierThreeCrafting.java
plastic_waste,plastic_waste,,,data/gonzotech/loot_table/blocks/plastic_waste.json,com/gonzotech/chalkboard/advancement/RecipeUnlocks.java;com/gonzotech/core/registry/ModBlocks.java;com/gonzotech/core/registry/ModItems.java
plate_form,plate_form,,,,com/gonzotech/chalkboard/notes/ScholarNotesContent.java;com/gonzotech/core/registry/ModCreativeTabs.java;com/gonzotech/core/registry/ModItems.java;com/gonzotech/machines/crafting/TierTwoCrafting.java;com/gonzotech/machines/processing/PressRecipes.java
platinum_block,platinum_block,,platinum_ingot_from_platinum_block,data/gonzotech/loot_table/blocks/platinum_block.json,com/gonzotech/chalkboard/notes/ScholarNotesContent.java
platinum_dust,,,platinum_ingot_from_platinum_dust_blasting;platinum_ingot_from_platinum_dust_smelting;platinum_ingot_from_platinum_dust_smoking,,com/gonzotech/machines/processing/CentrifugeRecipes.java
platinum_ingot,platinum_ingot_from_deepslate_platinum_ore_blasting;platinum_ingot_from_deepslate_platinum_ore_smelting;platinum_ingot_from_nuggets;platinum_ingot_from_platinum_block;platinum_ingot_from_platinum_dust_blasting;platinum_ingot_from_platinum_dust_smelting;platinum_ingot_from_platinum_dust_smoking;platinum_ingot_from_raw_platinum_blasting;platinum_ingot_from_raw_platinum_smelting,,platinum_block;platinum_nugget_from_platinum_ingot,,com/gonzotech/core/registry/Metals.java
platinum_nugget,platinum_nugget_from_platinum_ingot,,platinum_ingot_from_nuggets,,com/gonzotech/cleanroom/AirFilterBlockEntity.java;com/gonzotech/machines/processing/CentrifugeRecipes.java;com/gonzotech/machines/processing/ChemicalPlantRecipes.java;com/gonzotech/machines/processing/CrusherRecipes.java
plutonium_238,,,,,com/gonzotech/core/registry/ModCreativeTabs.java;com/gonzotech/core/registry/ModItems.java;com/gonzotech/radiation/RadSources.java
plutonium_242,,,,,com/gonzotech/core/registry/ModCreativeTabs.java;com/gonzotech/core/registry/ModItems.java;com/gonzotech/radiation/RadSources.java
plutonium_block,plutonium_block,,plutonium_ingot_from_plutonium_block;waste_barrel,data/gonzotech/loot_table/blocks/plutonium_block.json,
plutonium_dust,,,plutonium_ingot_from_plutonium_dust_blasting;plutonium_ingot_from_plutonium_dust_smelting;plutonium_ingot_from_plutonium_dust_smoking,,
plutonium_ingot,plutonium_ingot_from_nuggets;plutonium_ingot_from_plutonium_block;plutonium_ingot_from_plutonium_dust_blasting;plutonium_ingot_from_plutonium_dust_smelting;plutonium_ingot_from_plutonium_dust_smoking,,plutonium_block;plutonium_nugget_from_plutonium_ingot,,com/gonzotech/core/registry/Metals.java
plutonium_nugget,plutonium_nugget_from_plutonium_ingot,,plutonium_ingot_from_nuggets,data/gonzotech/loot_table/blocks/radioactive_slime_block.json,
polyethylene,,,,,com/gonzotech/core/registry/ModCreativeTabs.java;com/gonzotech/core/registry/ModItems.java;com/gonzotech/machines/processing/ChemicalPlantRecipes.java
polyvinyl_chloride,,,transistor,,com/gonzotech/core/registry/ModCreativeTabs.java;com/gonzotech/core/registry/ModItems.java;com/gonzotech/machines/processing/ChemicalPlantRecipes.java
porcelain,porcelain,,,data/gonzotech/loot_table/blocks/porcelain.json,com/gonzotech/chalkboard/advancement/RecipeUnlocks.java;com/gonzotech/core/registry/ModBlocks.java;com/gonzotech/core/registry/ModItems.java
pseudo_coil,pseudo_coil,,botched_mechanism;first_accumulator;first_electric_furnace;first_turbine_rotor;second_grinder;second_press,,com/gonzotech/chalkboard/advancement/RecipeUnlocks.java;com/gonzotech/chalkboard/notes/ScholarNotesContent.java;com/gonzotech/core/registry/ModCreativeTabs.java;com/gonzotech/core/registry/ModItems.java
rad_absorbent,rad_absorbent,,,,com/gonzotech/chalkboard/advancement/RecipeUnlocks.java;com/gonzotech/core/registry/ModCreativeTabs.java;com/gonzotech/core/registry/ModItems.java
radioactive_slime_block,radioactive_slime_block,,,data/gonzotech/loot_table/blocks/radioactive_slime_block.json,com/gonzotech/chalkboard/advancement/RecipeUnlocks.java;com/gonzotech/core/registry/ModBlocks.java;com/gonzotech/core/registry/ModItems.java;com/gonzotech/radiation/RadSources.java
radium_block,radium_block,,radium_ingot_from_radium_block,data/gonzotech/loot_table/blocks/radium_block.json,
radium_dust,,,radium_ingot_from_radium_dust_blasting;radium_ingot_from_radium_dust_smelting;radium_ingot_from_radium_dust_smoking,,com/gonzotech/machines/processing/CentrifugeRecipes.java
radium_ingot,radium_ingot_from_nuggets;radium_ingot_from_radium_block;radium_ingot_from_radium_dust_blasting;radium_ingot_from_radium_dust_smelting;radium_ingot_from_radium_dust_smoking,,radium_block;radium_nugget_from_radium_ingot,,com/gonzotech/core/registry/Metals.java
radium_nugget,radium_nugget_from_radium_ingot,,radium_ingot_from_nuggets,data/gonzotech/loot_table/blocks/radioactive_slime_block.json,com/gonzotech/chalkboard/notes/ScholarNotesContent.java
raw_aluminum,,,aluminum_ingot_from_raw_aluminum_blasting;aluminum_ingot_from_raw_aluminum_smelting,data/gonzotech/loot_table/blocks/aluminum_ore.json,
raw_barium,,,barium_ingot_from_raw_barium_blasting;barium_ingot_from_raw_barium_smelting,data/gonzotech/loot_table/blocks/barium_ore.json;data/gonzotech/loot_table/blocks/deepslate_barium_ore.json,
raw_boron,,,boron_ingot_from_raw_boron_blasting;boron_ingot_from_raw_boron_smelting,data/gonzotech/loot_table/blocks/boron_ore.json,
raw_calcite,,,calcium_ingot_from_raw_calcite_blasting;calcium_ingot_from_raw_calcite_smelting,data/gonzotech/loot_table/blocks/calcite_calcium_ore.json;data/gonzotech/loot_table/blocks/calcium_ore.json;data/gonzotech/loot_table/blocks/deepslate_calcium_ore.json,com/gonzotech/core/ore/OreDefinition.java
raw_cesium,,,cesium_ingot_from_raw_cesium_blasting;cesium_ingot_from_raw_cesium_smelting,data/gonzotech/loot_table/blocks/cesium_ore.json;data/gonzotech/loot_table/blocks/deepslate_cesium_ore.json,com/gonzotech/chalkboard/notes/ScholarNotesContent.java
raw_chromium,,,chromium_ingot_from_raw_chromium_blasting;chromium_ingot_from_raw_chromium_smelting,data/gonzotech/loot_table/blocks/deepslate_chromium_ore.json,
raw_cobalt,,,cobalt_ingot_from_raw_cobalt_blasting;cobalt_ingot_from_raw_cobalt_smelting,data/gonzotech/loot_table/blocks/deepslate_cobalt_ore.json;data/gonzotech/loot_table/blocks/nether_cobalt_ore.json,
raw_iodine,deepslate_iodine_ore_to_raw_iodine_blasting;deepslate_iodine_ore_to_raw_iodine_smelting;iodine_ore_to_raw_iodine_blasting;iodine_ore_to_raw_iodine_smelting;nether_iodine_ore_to_raw_iodine_blasting;nether_iodine_ore_to_raw_iodine_smelting,,rad_absorbent,data/gonzotech/loot_table/blocks/deepslate_iodine_ore.json;data/gonzotech/loot_table/blocks/iodine_ore.json;data/gonzotech/loot_table/blocks/nether_iodine_ore.json,
raw_iridium,,,iridium_ingot_from_raw_iridium_blasting;iridium_ingot_from_raw_iridium_smelting,data/gonzotech/loot_table/blocks/deepslate_iridium_ore.json,
raw_magnesium,,,magnesium_ingot_from_raw_magnesium_blasting;magnesium_ingot_from_raw_magnesium_smelting,data/gonzotech/loot_table/blocks/deepslate_magnesium_ore.json;data/gonzotech/loot_table/blocks/magnesium_ore.json,
raw_manganese,deepslate_manganese_ore_to_raw_manganese_blasting;deepslate_manganese_ore_to_raw_manganese_smelting;manganese_ore_to_raw_manganese_blasting;manganese_ore_to_raw_manganese_smelting,,,data/gonzotech/loot_table/blocks/deepslate_manganese_ore.json;data/gonzotech/loot_table/blocks/manganese_ore.json,
raw_mercury,deepslate_mercury_ore_to_raw_mercury_blasting;deepslate_mercury_ore_to_raw_mercury_smelting;mercury_ore_to_raw_mercury_blasting;mercury_ore_to_raw_mercury_smelting,,,data/gonzotech/loot_table/blocks/deepslate_mercury_ore.json;data/gonzotech/loot_table/blocks/mercury_ore.json,
raw_nickel,,,nickel_ingot_from_raw_nickel_blasting;nickel_ingot_from_raw_nickel_smelting,data/gonzotech/loot_table/blocks/deepslate_nickel_ore.json;data/gonzotech/loot_table/blocks/nether_nickel_ore.json;data/gonzotech/loot_table/blocks/nickel_ore.json,
raw_osmium,,,osmium_ingot_from_raw_osmium_blasting;osmium_ingot_from_raw_osmium_smelting,data/gonzotech/loot_table/blocks/deepslate_osmium_ore.json,
raw_palladium,,,palladium_ingot_from_raw_palladium_blasting;palladium_ingot_from_raw_palladium_smelting,data/gonzotech/loot_table/blocks/deepslate_palladium_ore.json,
raw_platinum,,,platinum_ingot_from_raw_platinum_blasting;platinum_ingot_from_raw_platinum_smelting,data/gonzotech/loot_table/blocks/deepslate_platinum_ore.json,
raw_silver,,,silver_ingot_from_raw_silver_blasting;silver_ingot_from_raw_silver_smelting,data/gonzotech/loot_table/blocks/deepslate_silver_ore.json;data/gonzotech/loot_table/blocks/silver_ore.json,
raw_sulfur,nether_sulfur_ore_to_raw_sulfur_blasting;nether_sulfur_ore_to_raw_sulfur_smelting;sulfur_ore_to_raw_sulfur_blasting;sulfur_ore_to_raw_sulfur_smelting,,,data/gonzotech/loot_table/blocks/nether_sulfur_ore.json;data/gonzotech/loot_table/blocks/sulfur_ore.json,
raw_tellurium,,,tellurium_ingot_from_raw_tellurium_blasting;tellurium_ingot_from_raw_tellurium_smelting,data/gonzotech/loot_table/blocks/deepslate_tellurium_ore.json,
raw_thorium,,,thorium_ingot_from_raw_thorium_blasting;thorium_ingot_from_raw_thorium_smelting,data/gonzotech/loot_table/blocks/deepslate_thorium_ore.json;data/gonzotech/loot_table/blocks/nether_thorium_ore.json;data/gonzotech/loot_table/blocks/thorium_ore.json,
raw_tin,,,tin_ingot_from_raw_tin_blasting;tin_ingot_from_raw_tin_smelting,data/gonzotech/loot_table/blocks/deepslate_tin_ore.json;data/gonzotech/loot_table/blocks/tin_ore.json,
raw_titanium,,,titanium_ingot_from_raw_titanium_blasting;titanium_ingot_from_raw_titanium_smelting,data/gonzotech/loot_table/blocks/deepslate_titanium_ore.json;data/gonzotech/loot_table/blocks/titanium_ore.json,
raw_tungsten,,,tungsten_ingot_from_raw_tungsten_blasting;tungsten_ingot_from_raw_tungsten_smelting,data/gonzotech/loot_table/blocks/deepslate_tungsten_ore.json,
raw_uranium,,,uranium_ingot_from_raw_uranium_blasting;uranium_ingot_from_raw_uranium_smelting,data/gonzotech/loot_table/blocks/deepslate_uranium_ore.json,
raw_zinc,,,zinc_ingot_from_raw_zinc_blasting;zinc_ingot_from_raw_zinc_smelting,data/gonzotech/loot_table/blocks/deepslate_zinc_ore.json;data/gonzotech/loot_table/blocks/zinc_ore.json,
raw_zirconium,,,zirconium_ingot_from_raw_zirconium_blasting;zirconium_ingot_from_raw_zirconium_smelting,data/gonzotech/loot_table/blocks/deepslate_zirconium_ore.json;data/gonzotech/loot_table/blocks/zirconium_ore.json,
rebar,rebar,,reinforced_armor_concrete;reinforced_industrial_concrete,,com/gonzotech/chalkboard/advancement/RecipeUnlocks.java;com/gonzotech/core/registry/ModCreativeTabs.java;com/gonzotech/core/registry/ModItems.java
redstone_core,,,dosimeter;dust_meter;energy_module_aluminum;energy_module_gold;energy_module_redstone;energy_module_silver;motor_aluminum;motor_copper;motor_gold;motor_silver;uv_meter,,com/gonzotech/core/registry/ModCreativeTabs.java;com/gonzotech/core/registry/ModItems.java;com/gonzotech/machines/processing/PressRecipes.java
redstone_plate,,,energy_module_aluminum;energy_module_gold;energy_module_redstone;energy_module_silver;uv_lamp;uv_lamp_from_aluminum_wire;uv_lamp_from_copper_wire;uv_lamp_from_gold_wire,,com/gonzotech/core/registry/ModCreativeTabs.java;com/gonzotech/core/registry/ModItems.java;com/gonzotech/machines/processing/PressRecipes.java
reinforced_armor_concrete,reinforced_armor_concrete,,,,com/gonzotech/chalkboard/advancement/RecipeUnlocks.java;com/gonzotech/core/registry/ModBlocks.java;com/gonzotech/core/registry/ModItems.java
reinforced_industrial_concrete,reinforced_industrial_concrete,,,,com/gonzotech/chalkboard/advancement/RecipeUnlocks.java;com/gonzotech/core/registry/ModBlocks.java;com/gonzotech/core/registry/ModItems.java
resin,resin_from_resin_clump,,resin_clump_from_resin,,com/gonzotech/core/registry/ModCreativeTabs.java;com/gonzotech/core/registry/ModItems.java;com/gonzotech/machines/processing/ChemicalPlantRecipes.java
resinous_sawdust,,,,,com/gonzotech/core/registry/ModCreativeTabs.java;com/gonzotech/core/registry/ModItems.java;com/gonzotech/machines/processing/ChemicalPlantRecipes.java;com/gonzotech/machines/processing/GrinderRecipes.java
rhenium_block,rhenium_block,,rhenium_ingot_from_rhenium_block,data/gonzotech/loot_table/blocks/rhenium_block.json,com/gonzotech/chalkboard/notes/ScholarNotesContent.java
rhenium_dust,,,rhenium_ingot_from_rhenium_dust_blasting;rhenium_ingot_from_rhenium_dust_smelting;rhenium_ingot_from_rhenium_dust_smoking;vr20_dust_from_metal_dusts,,com/gonzotech/machines/processing/CentrifugeRecipes.java
rhenium_ingot,rhenium_ingot_from_nuggets;rhenium_ingot_from_rhenium_block;rhenium_ingot_from_rhenium_dust_blasting;rhenium_ingot_from_rhenium_dust_smelting;rhenium_ingot_from_rhenium_dust_smoking,,rhenium_block;rhenium_nugget_from_rhenium_ingot,,com/gonzotech/core/registry/Metals.java
rhenium_nugget,rhenium_nugget_from_rhenium_ingot,,rhenium_ingot_from_nuggets,,com/gonzotech/chalkboard/notes/ScholarNotesContent.java;com/gonzotech/machines/processing/CentrifugeRecipes.java;com/gonzotech/machines/processing/CrusherRecipes.java
rich_lunar_stone,,,,data/gonzotech/loot_table/blocks/rich_lunar_stone.json,com/gonzotech/core/registry/ModBlocks.java;com/gonzotech/core/registry/ModItems.java
rich_martian_stone,,,,data/gonzotech/loot_table/blocks/rich_martian_stone.json,com/gonzotech/core/registry/ModBlocks.java;com/gonzotech/core/registry/ModItems.java
rubber,,,chip_soup;chip_soup_from_gold_wire;chip_soup_from_silver_wire;rubber_block,,com/gonzotech/core/registry/ModCreativeTabs.java;com/gonzotech/core/registry/ModItems.java;com/gonzotech/machines/processing/ChemicalPlantRecipes.java
rubber_block,rubber_block,,,data/gonzotech/loot_table/blocks/rubber_block.json,com/gonzotech/core/registry/ModBlocks.java;com/gonzotech/core/registry/ModItems.java;com/gonzotech/machines/crafting/TierThreeCrafting.java
salt,,,,,com/gonzotech/core/registry/ModCreativeTabs.java;com/gonzotech/core/registry/ModItems.java;com/gonzotech/machines/block/entity/FillerBlockEntity.java;com/gonzotech/machines/processing/ChemicalPlantRecipes.java
scholar_notes,scholar_notes,,,,com/gonzotech/chalkboard/advancement/RecipeUnlocks.java;com/gonzotech/chalkboard/notes/ScholarChapter.java;com/gonzotech/core/event/Phase3Events.java;com/gonzotech/core/registry/ModCreativeTabs.java;com/gonzotech/core/registry/ModItems.java
scorched_tuft,,,,data/gonzotech/loot_table/blocks/scorched_tuft.json,com/gonzotech/core/registry/ModBlocks.java;com/gonzotech/core/registry/ModItems.java
scorched_tuft_large,,,,data/gonzotech/loot_table/blocks/scorched_tuft_large.json,com/gonzotech/core/registry/ModBlocks.java;com/gonzotech/core/registry/ModItems.java
scorched_tuft_medium,,,,data/gonzotech/loot_table/blocks/scorched_tuft_medium.json,com/gonzotech/core/registry/ModBlocks.java;com/gonzotech/core/registry/ModItems.java
sculk_brick_slab,sculk_brick_slab;sculk_brick_slab_from_stonecutter,,chiseled_sculk_bricks,data/gonzotech/loot_table/blocks/sculk_brick_slab.json,com/gonzotech/core/registry/ModBlocks.java;com/gonzotech/core/registry/ModItems.java
sculk_brick_stairs,sculk_brick_stairs;sculk_brick_stairs_from_stonecutter,,,data/gonzotech/loot_table/blocks/sculk_brick_stairs.json,com/gonzotech/core/registry/ModBlocks.java;com/gonzotech/core/registry/ModItems.java
sculk_brick_wall,sculk_brick_wall;sculk_brick_wall_from_stonecutter,,,data/gonzotech/loot_table/blocks/sculk_brick_wall.json,com/gonzotech/core/registry/ModBlocks.java;com/gonzotech/core/registry/ModItems.java
sculk_bricks,sculk_bricks;sculk_bricks_from_stonecutter,,chiseled_sculk_bricks_from_stonecutter;sculk_brick_slab;sculk_brick_slab_from_stonecutter;sculk_brick_stairs;sculk_brick_stairs_from_stonecutter;sculk_brick_wall;sculk_brick_wall_from_stonecutter;smooth_sculk_bricks_from_stonecutter,data/gonzotech/loot_table/blocks/sculk_bricks.json,com/gonzotech/core/registry/ModBlocks.java;com/gonzotech/core/registry/ModItems.java
second_accumulator,second_accumulator,,,data/gonzotech/loot_table/blocks/second_accumulator.json,com/gonzotech/chalkboard/notes/ScholarNotesContent.java;com/gonzotech/machines/crafting/TierTwoCrafting.java;com/gonzotech/machines/registry/ModBlockEntities.java;com/gonzotech/machines/registry/ModMachines.java;com/gonzotech/machines/registry/ModMenus.java
second_alloy_foundry,second_alloy_foundry,,,data/gonzotech/loot_table/blocks/second_alloy_foundry.json,com/gonzotech/chalkboard/notes/ScholarNotesContent.java;com/gonzotech/machines/crafting/TierTwoCrafting.java;com/gonzotech/machines/registry/ModBlockEntities.java;com/gonzotech/machines/registry/ModMachines.java;com/gonzotech/machines/registry/ModMenus.java
second_centrifuge,second_centrifuge,,,data/gonzotech/loot_table/blocks/second_centrifuge.json,com/gonzotech/chalkboard/notes/ScholarNotesContent.java;com/gonzotech/machines/crafting/TierTwoCrafting.java;com/gonzotech/machines/registry/ModBlockEntities.java;com/gonzotech/machines/registry/ModMachines.java;com/gonzotech/machines/registry/ModMenus.java
second_cobble_generator,second_cobble_generator,,,data/gonzotech/loot_table/blocks/second_cobble_generator.json,com/gonzotech/chalkboard/notes/ScholarNotesContent.java;com/gonzotech/machines/crafting/TierTwoCrafting.java;com/gonzotech/machines/registry/ModBlockEntities.java;com/gonzotech/machines/registry/ModMachines.java;com/gonzotech/machines/registry/ModMenus.java
second_crusher,second_crusher,,,data/gonzotech/loot_table/blocks/second_crusher.json,com/gonzotech/chalkboard/notes/ScholarNotesContent.java;com/gonzotech/machines/crafting/TierTwoCrafting.java;com/gonzotech/machines/registry/ModBlockEntities.java;com/gonzotech/machines/registry/ModMachines.java;com/gonzotech/machines/registry/ModMenus.java
second_electric_furnace,second_electric_furnace,,,data/gonzotech/loot_table/blocks/second_electric_furnace.json,com/gonzotech/chalkboard/notes/ScholarNotesContent.java;com/gonzotech/machines/crafting/TierTwoCrafting.java;com/gonzotech/machines/registry/ModBlockEntities.java;com/gonzotech/machines/registry/ModMachines.java;com/gonzotech/machines/registry/ModMenus.java
second_grinder,second_grinder,,,data/gonzotech/loot_table/blocks/second_grinder.json,com/gonzotech/chalkboard/notes/ScholarNotesContent.java;com/gonzotech/machines/crafting/TierTwoCrafting.java;com/gonzotech/machines/registry/ModBlockEntities.java;com/gonzotech/machines/registry/ModMachines.java;com/gonzotech/machines/registry/ModMenus.java
second_heat_node,second_heat_node,,,data/gonzotech/loot_table/blocks/second_heat_node.json,com/gonzotech/chalkboard/notes/ScholarNotesContent.java;com/gonzotech/machines/crafting/TierTwoCrafting.java;com/gonzotech/machines/registry/ModMachines.java
second_heat_pipe,second_heat_pipe,,second_heat_node;second_universal_node,data/gonzotech/loot_table/blocks/second_composite_pipe.json;data/gonzotech/loot_table/blocks/second_heat_pipe.json,com/gonzotech/chalkboard/notes/ScholarNotesContent.java;com/gonzotech/machines/crafting/TierTwoCrafting.java;com/gonzotech/machines/registry/ModMachines.java
second_item_filter,second_item_filter,,,data/gonzotech/loot_table/blocks/second_item_filter.json,com/gonzotech/chalkboard/notes/ScholarNotesContent.java;com/gonzotech/machines/crafting/TierTwoCrafting.java;com/gonzotech/machines/registry/ModBlockEntities.java;com/gonzotech/machines/registry/ModMachines.java
second_item_node,second_item_node,,,data/gonzotech/loot_table/blocks/second_item_node.json,com/gonzotech/chalkboard/notes/ScholarNotesContent.java;com/gonzotech/machines/crafting/TierTwoCrafting.java;com/gonzotech/machines/registry/ModMachines.java
second_item_pipe,second_item_pipe,,second_item_node;second_universal_node,data/gonzotech/loot_table/blocks/second_composite_pipe.json;data/gonzotech/loot_table/blocks/second_item_pipe.json,com/gonzotech/chalkboard/notes/ScholarNotesContent.java;com/gonzotech/machines/crafting/TierTwoCrafting.java;com/gonzotech/machines/registry/ModMachines.java
second_item_scavenger,second_item_scavenger,,,data/gonzotech/loot_table/blocks/second_item_scavenger.json,com/gonzotech/chalkboard/notes/ScholarNotesContent.java;com/gonzotech/machines/crafting/TierTwoCrafting.java;com/gonzotech/machines/registry/ModMachines.java
second_nuclear_firebox,second_nuclear_firebox,,,data/gonzotech/loot_table/blocks/second_nuclear_firebox.json,com/gonzotech/chalkboard/notes/ScholarNotesContent.java;com/gonzotech/machines/crafting/TierTwoCrafting.java;com/gonzotech/machines/registry/ModBlockEntities.java;com/gonzotech/machines/registry/ModMachines.java;com/gonzotech/machines/registry/ModMenus.java
second_press,second_press,,,data/gonzotech/loot_table/blocks/second_press.json,com/gonzotech/chalkboard/notes/ScholarNotesContent.java;com/gonzotech/machines/crafting/TierTwoCrafting.java;com/gonzotech/machines/registry/ModBlockEntities.java;com/gonzotech/machines/registry/ModMachines.java;com/gonzotech/machines/registry/ModMenus.java
second_pump,second_pump,,,data/gonzotech/loot_table/blocks/second_pump.json,com/gonzotech/chalkboard/notes/ScholarNotesContent.java;com/gonzotech/machines/crafting/TierTwoCrafting.java;com/gonzotech/machines/registry/ModBlockEntities.java;com/gonzotech/machines/registry/ModMachines.java;com/gonzotech/machines/registry/ModMenus.java
second_steam_node,second_steam_node,,,data/gonzotech/loot_table/blocks/second_steam_node.json,com/gonzotech/chalkboard/notes/ScholarNotesContent.java;com/gonzotech/machines/crafting/TierTwoCrafting.java;com/gonzotech/machines/registry/ModMachines.java
second_steam_pipe,second_steam_pipe,,second_steam_node,data/gonzotech/loot_table/blocks/second_composite_pipe.json;data/gonzotech/loot_table/blocks/second_steam_pipe.json,com/gonzotech/chalkboard/notes/ScholarNotesContent.java;com/gonzotech/machines/crafting/TierTwoCrafting.java;com/gonzotech/machines/registry/ModMachines.java
second_steamgen_casing,second_steamgen_casing,,,data/gonzotech/loot_table/blocks/second_steamgen_casing.json,com/gonzotech/chalkboard/notes/ScholarNotesContent.java;com/gonzotech/machines/crafting/TierTwoCrafting.java;com/gonzotech/machines/registry/ModMachines.java
second_steamgen_core,second_steamgen_core,,,data/gonzotech/loot_table/blocks/second_steamgen_core.json,com/gonzotech/chalkboard/notes/ScholarNotesContent.java;com/gonzotech/machines/crafting/TierTwoCrafting.java;com/gonzotech/machines/registry/ModBlockEntities.java;com/gonzotech/machines/registry/ModMachines.java
second_universal_fluid_node,second_universal_fluid_node,,fluid_module,data/gonzotech/loot_table/blocks/second_universal_fluid_node.json,com/gonzotech/chalkboard/notes/ScholarNotesContent.java;com/gonzotech/machines/crafting/TierTwoCrafting.java;com/gonzotech/machines/registry/ModMachines.java
second_universal_fluid_pipe,second_universal_fluid_pipe,,second_universal_fluid_node;second_universal_node,data/gonzotech/loot_table/blocks/second_composite_pipe.json;data/gonzotech/loot_table/blocks/second_universal_fluid_pipe.json,com/gonzotech/chalkboard/notes/ScholarNotesContent.java;com/gonzotech/machines/crafting/TierTwoCrafting.java;com/gonzotech/machines/registry/ModMachines.java
second_universal_node,second_universal_node,,,data/gonzotech/loot_table/blocks/second_universal_node.json,com/gonzotech/chalkboard/notes/ScholarNotesContent.java;com/gonzotech/machines/crafting/TierTwoCrafting.java;com/gonzotech/machines/registry/ModMachines.java
second_water_node,second_water_node,,,data/gonzotech/loot_table/blocks/second_water_node.json,com/gonzotech/chalkboard/notes/ScholarNotesContent.java;com/gonzotech/machines/crafting/TierTwoCrafting.java;com/gonzotech/machines/registry/ModMachines.java
second_water_pipe,second_water_pipe,,second_water_node,data/gonzotech/loot_table/blocks/second_composite_pipe.json;data/gonzotech/loot_table/blocks/second_water_pipe.json,com/gonzotech/chalkboard/notes/ScholarNotesContent.java;com/gonzotech/machines/crafting/TierTwoCrafting.java;com/gonzotech/machines/registry/ModMachines.java
second_wire,second_wire_aluminum;second_wire_copper;second_wire_gold;second_wire_silver,,second_wire_node,data/gonzotech/loot_table/blocks/second_composite_pipe.json;data/gonzotech/loot_table/blocks/second_wire.json,com/gonzotech/chalkboard/notes/ScholarNotesContent.java;com/gonzotech/machines/registry/ModMachines.java
second_wire_node,second_wire_node,,second_universal_node,data/gonzotech/loot_table/blocks/second_wire_node.json,com/gonzotech/chalkboard/notes/ScholarNotesContent.java;com/gonzotech/machines/crafting/TierTwoCrafting.java;com/gonzotech/machines/registry/ModMachines.java
semiconductor_block,semiconductor_block,,semiconductor_ingot_from_semiconductor_block,data/gonzotech/loot_table/blocks/semiconductor_block.json,
semiconductor_core,,,logic_module;transistor,,com/gonzotech/core/registry/ModCreativeTabs.java;com/gonzotech/core/registry/ModItems.java;com/gonzotech/machines/processing/PressRecipes.java;com/gonzotech/radiation/RadMaterials.java
semiconductor_dust,,,semiconductor_ingot_from_semiconductor_dust_blasting;semiconductor_ingot_from_semiconductor_dust_smelting;semiconductor_ingot_from_semiconductor_dust_smoking,,
semiconductor_ingot,semiconductor_ingot_from_nuggets;semiconductor_ingot_from_semiconductor_block;semiconductor_ingot_from_semiconductor_dust_blasting;semiconductor_ingot_from_semiconductor_dust_smelting;semiconductor_ingot_from_semiconductor_dust_smoking,,semiconductor_block;semiconductor_nugget_from_semiconductor_ingot,,com/gonzotech/chalkboard/notes/ScholarNotesContent.java;com/gonzotech/core/registry/Metals.java;com/gonzotech/machines/processing/AlloyFoundryRecipes.java;com/gonzotech/machines/processing/PressRecipes.java
semiconductor_nugget,semiconductor_nugget_from_semiconductor_ingot,,semiconductor_ingot_from_nuggets,,
semiconductor_plate,,,chip_blank;dosimeter;logic_module;speedometer;uv_meter,,com/gonzotech/core/registry/ModCreativeTabs.java;com/gonzotech/core/registry/ModItems.java;com/gonzotech/machines/processing/PressRecipes.java;com/gonzotech/radiation/RadMaterials.java
sheathing,sheathing,,third_chemical_plant;third_filler,data/gonzotech/loot_table/blocks/sheathing.json,com/gonzotech/core/registry/ModBlocks.java;com/gonzotech/core/registry/ModItems.java;com/gonzotech/machines/crafting/TierThreeCrafting.java
silicon,,,andesite_silicate_clinker;armor_mix;bore_silicate_mix;chip_blank;third_silicon_factory;third_silicon_factory_from_copper_wire;third_silicon_factory_from_gold_wire;third_silicon_factory_from_silver_wire;uv_meter,data/gonzotech/loot_table/blocks/silicon_cache.json,com/gonzotech/chalkboard/notes/ScholarNotesContent.java;com/gonzotech/core/registry/ModCreativeTabs.java;com/gonzotech/core/registry/ModItems.java;com/gonzotech/machines/processing/AlloyFoundryRecipes.java;com/gonzotech/machines/processing/AlloyMaterialCatalog.java;com/gonzotech/machines/processing/CentrifugeRecipes.java
silicon_cache,,,,data/gonzotech/loot_table/blocks/silicon_cache.json,com/gonzotech/core/registry/ModBlocks.java;com/gonzotech/core/registry/ModItems.java
silver_block,silver_block,,silver_ingot_from_silver_block,data/gonzotech/loot_table/blocks/silver_block.json,
silver_dust,,,silver_ingot_from_silver_dust_blasting;silver_ingot_from_silver_dust_smelting;silver_ingot_from_silver_dust_smoking,,com/gonzotech/machines/processing/CentrifugeRecipes.java
silver_ingot,silver_ingot_from_deepslate_silver_ore_blasting;silver_ingot_from_deepslate_silver_ore_smelting;silver_ingot_from_nuggets;silver_ingot_from_raw_silver_blasting;silver_ingot_from_raw_silver_smelting;silver_ingot_from_silver_block;silver_ingot_from_silver_dust_blasting;silver_ingot_from_silver_dust_smelting;silver_ingot_from_silver_dust_smoking;silver_ingot_from_silver_ore_blasting;silver_ingot_from_silver_ore_smelting,,silver_block;silver_nugget_from_silver_ingot,,com/gonzotech/core/registry/Metals.java;com/gonzotech/machines/processing/PressRecipes.java
silver_nugget,silver_nugget_from_silver_ingot,,silver_ingot_from_nuggets,,
silver_ore,,,silver_ingot_from_silver_ore_blasting;silver_ingot_from_silver_ore_smelting,data/gonzotech/loot_table/blocks/silver_ore.json,
silver_wire,,,chip_soup_from_silver_wire;energy_module_silver;motor_silver;second_wire_silver;third_silicon_factory_from_silver_wire;uv_lamp,,com/gonzotech/chalkboard/notes/ScholarNotesContent.java;com/gonzotech/core/registry/ModCreativeTabs.java;com/gonzotech/core/registry/ModItems.java;com/gonzotech/machines/processing/PressRecipes.java;com/gonzotech/radiation/RadMaterials.java
singular_energy_source,,,,data/gonzotech/loot_table/blocks/singular_energy_source.json,com/gonzotech/machines/registry/ModBlockEntities.java;com/gonzotech/machines/registry/ModMachines.java
singular_heat_source,,,,data/gonzotech/loot_table/blocks/singular_heat_source.json,com/gonzotech/machines/registry/ModBlockEntities.java;com/gonzotech/machines/registry/ModMachines.java
slag_concrete,slag_concrete,,,data/gonzotech/loot_table/blocks/slag_concrete.json,com/gonzotech/chalkboard/advancement/RecipeUnlocks.java;com/gonzotech/core/registry/ModBlocks.java;com/gonzotech/core/registry/ModItems.java
smooth_sculk_bricks,smooth_sculk_bricks_from_stonecutter,,,data/gonzotech/loot_table/blocks/smooth_sculk_bricks.json,com/gonzotech/core/registry/ModBlocks.java;com/gonzotech/core/registry/ModItems.java
snup_fuel,,,,,com/gonzotech/core/registry/ModCreativeTabs.java;com/gonzotech/core/registry/ModItems.java;com/gonzotech/radiation/RadSources.java
sodium_cyanate,,,photoresist,,com/gonzotech/core/registry/ModCreativeTabs.java;com/gonzotech/core/registry/ModItems.java;com/gonzotech/machines/processing/ChemicalPlantRecipes.java
solar_panel,,,,data/gonzotech/loot_table/blocks/solar_panel.json,com/gonzotech/machines/registry/ModBlockEntities.java;com/gonzotech/machines/registry/ModMachines.java
solar_watch,solar_watch,,,,com/gonzotech/chalkboard/advancement/RecipeUnlocks.java;com/gonzotech/chalkboard/notes/ScholarNotesContent.java;com/gonzotech/core/client/SolarWatchHud.java;com/gonzotech/core/event/Phase3Events.java;com/gonzotech/core/registry/ModCreativeTabs.java;com/gonzotech/core/registry/ModItems.java;com/gonzotech/machines/crafting/TierTwoCrafting.java
speedometer,speedometer,,,,com/gonzotech/core/client/SpeedometerHud.java;com/gonzotech/core/registry/ModCreativeTabs.java;com/gonzotech/core/registry/ModItems.java;com/gonzotech/machines/crafting/TierTwoCrafting.java
stainless_steel_block,stainless_steel_block,,sheathing;stainless_steel_ingot_from_stainless_steel_block;third_distiller;third_rectifier,data/gonzotech/loot_table/blocks/stainless_steel_block.json,com/gonzotech/machines/litho/SiliconFactoryStructure.java
stainless_steel_dust,stainless_steel_dust_from_metal_dusts,,invar_dust_from_metal_dusts;stainless_steel_ingot_from_stainless_steel_dust_blasting;stainless_steel_ingot_from_stainless_steel_dust_smelting;stainless_steel_ingot_from_stainless_steel_dust_smoking,,com/gonzotech/chalkboard/notes/ScholarNotesContent.java
stainless_steel_ingot,stainless_steel_ingot_from_nuggets;stainless_steel_ingot_from_stainless_steel_block;stainless_steel_ingot_from_stainless_steel_dust_blasting;stainless_steel_ingot_from_stainless_steel_dust_smelting;stainless_steel_ingot_from_stainless_steel_dust_smoking,,stainless_steel_block;stainless_steel_nugget_from_stainless_steel_ingot;third_wort_kettle,,com/gonzotech/core/registry/Metals.java;com/gonzotech/machines/processing/AlloyFoundryRecipes.java;com/gonzotech/machines/processing/PressRecipes.java
stainless_steel_nugget,stainless_steel_nugget_from_stainless_steel_ingot,,stainless_steel_ingot_from_nuggets,,
stainless_steel_plate,,,aluminum_housing;canister_from_stainless_steel;fluid_module;third_distiller;third_fermentation_vat;third_rectifier;third_wort_kettle,data/gonzotech/loot_table/blocks/weathered_plating.json,com/gonzotech/core/registry/ModCreativeTabs.java;com/gonzotech/core/registry/ModItems.java;com/gonzotech/machines/processing/PressRecipes.java;com/gonzotech/radiation/RadMaterials.java
steel_block,steel_block,,second_cobble_generator;steel_ingot_from_steel_block,data/gonzotech/loot_table/blocks/steel_block.json,com/gonzotech/chalkboard/notes/ScholarNotesContent.java
steel_dust,steel_dust_from_iron_dust_and_coal,,stainless_steel_dust_from_metal_dusts;steel_ingot_from_steel_dust_blasting;steel_ingot_from_steel_dust_smelting;steel_ingot_from_steel_dust_smoking,,com/gonzotech/chalkboard/notes/ScholarNotesContent.java
steel_ingot,steel_ingot_from_nuggets;steel_ingot_from_steel_block;steel_ingot_from_steel_dust_blasting;steel_ingot_from_steel_dust_smelting;steel_ingot_from_steel_dust_smoking,,second_heat_pipe;second_item_pipe;second_pump;second_steam_pipe;second_universal_fluid_pipe;second_water_pipe;steel_block;steel_nugget_from_steel_ingot,,com/gonzotech/chalkboard/notes/ScholarNotesContent.java;com/gonzotech/core/registry/Metals.java;com/gonzotech/machines/processing/AlloyFoundryRecipes.java;com/gonzotech/machines/processing/PressRecipes.java
steel_nugget,steel_nugget_from_steel_ingot,,steel_ingot_from_nuggets,,
steel_plate,,,canister;dust_meter;motor_aluminum;motor_copper;motor_gold;motor_silver;second_accumulator;second_alloy_foundry;second_centrifuge;second_cobble_generator;second_electric_furnace;second_nuclear_firebox;second_steamgen_casing;second_steamgen_core;speedometer;waste_barrel,,com/gonzotech/chalkboard/notes/ScholarNotesContent.java;com/gonzotech/core/registry/ModCreativeTabs.java;com/gonzotech/core/registry/ModItems.java;com/gonzotech/machines/processing/PressRecipes.java;com/gonzotech/radiation/RadMaterials.java
stellite_block,stellite_block,,stellite_ingot_from_stellite_block;superdense_ice,data/gonzotech/loot_table/blocks/stellite_block.json,com/gonzotech/machines/nuclear/ThermalHazards.java
stellite_dust,,,stellite_ingot_from_stellite_dust_blasting;stellite_ingot_from_stellite_dust_smelting;stellite_ingot_from_stellite_dust_smoking,,
stellite_ingot,stellite_ingot_from_nuggets;stellite_ingot_from_stellite_block;stellite_ingot_from_stellite_dust_blasting;stellite_ingot_from_stellite_dust_smelting;stellite_ingot_from_stellite_dust_smoking,,stellite_block;stellite_nugget_from_stellite_ingot,,com/gonzotech/chalkboard/notes/ScholarNotesContent.java;com/gonzotech/core/registry/Metals.java;com/gonzotech/machines/processing/AlloyFoundryRecipes.java
stellite_nugget,stellite_nugget_from_stellite_ingot,,stellite_ingot_from_nuggets,,
stirling_generator,stirling_generator,,,data/gonzotech/loot_table/blocks/stirling_generator.json,com/gonzotech/chalkboard/advancement/RecipeUnlocks.java;com/gonzotech/chalkboard/notes/ScholarChapter.java;com/gonzotech/chalkboard/notes/ScholarNotesContent.java;com/gonzotech/machines/registry/ModMachines.java
sulfur_block,sulfur_block,,sulfur_ingot_from_sulfur_block,data/gonzotech/loot_table/blocks/sulfur_block.json,
sulfur_ingot,sulfur_ingot_from_sulfur_block,,sulfur_block,,com/gonzotech/core/registry/Metals.java;com/gonzotech/machines/block/entity/FillerBlockEntity.java;com/gonzotech/machines/processing/PressRecipes.java
sulfur_ore,,,sulfur_ore_to_raw_sulfur_blasting;sulfur_ore_to_raw_sulfur_smelting,data/gonzotech/loot_table/blocks/sulfur_ore.json,
sulfuric_acid_bucket,,,,,com/gonzotech/core/fluid/ModFluids.java;com/gonzotech/machines/block/entity/FillerBlockEntity.java
superdense_ice,superdense_ice,,,data/gonzotech/loot_table/blocks/superdense_ice.json,com/gonzotech/chalkboard/advancement/RecipeUnlocks.java;com/gonzotech/chalkboard/notes/ScholarNotesContent.java;com/gonzotech/core/registry/ModBlocks.java;com/gonzotech/core/registry/ModItems.java
telifon,,,,,com/gonzotech/core/client/SolarWatchHud.java;com/gonzotech/core/client/SpeedometerHud.java;com/gonzotech/core/psyche/client/PsycheHud.java;com/gonzotech/core/registry/ModCreativeTabs.java;com/gonzotech/core/registry/ModItems.java;com/gonzotech/radiation/RadSickness.java;com/gonzotech/radiation/RadiationSystem.java;com/gonzotech/radiation/RadiationVisualClient.java
telluride_block,telluride_block,,telluride_ingot_from_telluride_block,data/gonzotech/loot_table/blocks/telluride_block.json,com/gonzotech/chalkboard/notes/ScholarNotesContent.java
telluride_dust,telluride_dust_from_metal_dusts,,telluride_ingot_from_telluride_dust_blasting;telluride_ingot_from_telluride_dust_smelting;telluride_ingot_from_telluride_dust_smoking,,com/gonzotech/chalkboard/notes/ScholarNotesContent.java
telluride_ingot,telluride_ingot_from_nuggets;telluride_ingot_from_telluride_block;telluride_ingot_from_telluride_dust_blasting;telluride_ingot_from_telluride_dust_smelting;telluride_ingot_from_telluride_dust_smoking,,telluride_block;telluride_nugget_from_telluride_ingot,,com/gonzotech/core/registry/Metals.java;com/gonzotech/machines/processing/AlloyFoundryRecipes.java
telluride_nugget,telluride_nugget_from_telluride_ingot,,telluride_ingot_from_nuggets,,
tellurium_block,tellurium_block,,tellurium_ingot_from_tellurium_block,data/gonzotech/loot_table/blocks/tellurium_block.json,
tellurium_dust,,,telluride_dust_from_metal_dusts;tellurium_ingot_from_tellurium_dust_blasting;tellurium_ingot_from_tellurium_dust_smelting;tellurium_ingot_from_tellurium_dust_smoking,,com/gonzotech/machines/processing/CentrifugeRecipes.java
tellurium_ingot,tellurium_ingot_from_deepslate_tellurium_ore_blasting;tellurium_ingot_from_deepslate_tellurium_ore_smelting;tellurium_ingot_from_nuggets;tellurium_ingot_from_raw_tellurium_blasting;tellurium_ingot_from_raw_tellurium_smelting;tellurium_ingot_from_tellurium_block;tellurium_ingot_from_tellurium_dust_blasting;tellurium_ingot_from_tellurium_dust_smelting;tellurium_ingot_from_tellurium_dust_smoking,,tellurium_block;tellurium_nugget_from_tellurium_ingot;waste_barrel,,com/gonzotech/core/registry/Metals.java
tellurium_nugget,tellurium_nugget_from_tellurium_ingot,,tellurium_ingot_from_nuggets,,
the_fruit_mash,the_fruit_mash,,,,com/gonzotech/chalkboard/notes/ScholarNotesContent.java;com/gonzotech/core/event/Phase3Events.java;com/gonzotech/core/registry/ModCreativeTabs.java;com/gonzotech/core/registry/ModItems.java;com/gonzotech/machines/block/entity/FermentationVatBlockEntity.java
the_proto_mash,the_proto_mash,,,,com/gonzotech/chalkboard/notes/ScholarNotesContent.java;com/gonzotech/core/event/Phase3Events.java;com/gonzotech/core/registry/ModCreativeTabs.java;com/gonzotech/core/registry/ModItems.java;com/gonzotech/machines/block/entity/FermentationVatBlockEntity.java
third_air_cleaner,third_air_cleaner,,,data/gonzotech/loot_table/blocks/third_air_cleaner.json,com/gonzotech/core/registry/ModBlocks.java;com/gonzotech/core/registry/ModItems.java;com/gonzotech/machines/crafting/TierThreeCrafting.java;com/gonzotech/machines/registry/ModBlockEntities.java
third_air_filter,third_air_filter,,,data/gonzotech/loot_table/blocks/third_air_filter.json,com/gonzotech/core/registry/ModBlocks.java;com/gonzotech/core/registry/ModItems.java;com/gonzotech/machines/crafting/TierThreeCrafting.java;com/gonzotech/machines/registry/ModBlockEntities.java;com/gonzotech/machines/registry/ModMenus.java
third_chemical_plant,third_chemical_plant,,,data/gonzotech/loot_table/blocks/third_chemical_plant.json,com/gonzotech/machines/crafting/TierThreeCrafting.java;com/gonzotech/machines/registry/ModBlockEntities.java;com/gonzotech/machines/registry/ModMachines.java;com/gonzotech/machines/registry/ModMenus.java
third_dispensing_tap,third_dispensing_tap,,,data/gonzotech/loot_table/blocks/third_dispensing_tap.json,com/gonzotech/machines/crafting/TierThreeCrafting.java;com/gonzotech/machines/registry/ModBlockEntities.java;com/gonzotech/machines/registry/ModMachines.java;com/gonzotech/machines/registry/ModMenus.java
third_distiller,third_distiller,,,data/gonzotech/loot_table/blocks/third_distiller.json,com/gonzotech/machines/crafting/TierThreeCrafting.java;com/gonzotech/machines/registry/ModBlockEntities.java;com/gonzotech/machines/registry/ModMachines.java;com/gonzotech/machines/registry/ModMenus.java
third_fermentation_vat,third_fermentation_vat,,,data/gonzotech/loot_table/blocks/third_fermentation_vat.json,com/gonzotech/machines/crafting/TierThreeCrafting.java;com/gonzotech/machines/registry/ModBlockEntities.java;com/gonzotech/machines/registry/ModMachines.java;com/gonzotech/machines/registry/ModMenus.java
third_filler,third_filler,,,data/gonzotech/loot_table/blocks/third_filler.json,com/gonzotech/machines/crafting/TierThreeCrafting.java;com/gonzotech/machines/registry/ModBlockEntities.java;com/gonzotech/machines/registry/ModMachines.java;com/gonzotech/machines/registry/ModMenus.java
third_heavy_door_lead,third_heavy_door_lead,,,data/gonzotech/loot_table/blocks/third_heavy_door_lead.json,com/gonzotech/core/registry/ModBlocks.java;com/gonzotech/core/registry/ModItems.java;com/gonzotech/machines/crafting/TierThreeCrafting.java;com/gonzotech/radiation/RadMaterials.java
third_heavy_door_tungsten,third_heavy_door_tungsten,,,data/gonzotech/loot_table/blocks/third_heavy_door_tungsten.json,com/gonzotech/core/registry/ModBlocks.java;com/gonzotech/core/registry/ModItems.java;com/gonzotech/machines/crafting/TierThreeCrafting.java;com/gonzotech/radiation/RadMaterials.java
third_hermetic_door,third_hermetic_door,,,data/gonzotech/loot_table/blocks/third_hermetic_door.json,com/gonzotech/core/registry/ModBlocks.java;com/gonzotech/core/registry/ModItems.java;com/gonzotech/machines/crafting/TierThreeCrafting.java;com/gonzotech/radiation/RadMaterials.java
third_rectifier,third_rectifier,,,data/gonzotech/loot_table/blocks/third_rectifier.json,com/gonzotech/machines/crafting/TierThreeCrafting.java;com/gonzotech/machines/registry/ModBlockEntities.java;com/gonzotech/machines/registry/ModMachines.java;com/gonzotech/machines/registry/ModMenus.java
third_silicon_factory,third_silicon_factory;third_silicon_factory_from_copper_wire;third_silicon_factory_from_gold_wire;third_silicon_factory_from_silver_wire,,,data/gonzotech/loot_table/blocks/third_silicon_factory.json,com/gonzotech/core/registry/ModBlocks.java;com/gonzotech/core/registry/ModCreativeTabs.java;com/gonzotech/core/registry/ModItems.java;com/gonzotech/machines/crafting/TierThreeCrafting.java;com/gonzotech/machines/registry/ModBlockEntities.java;com/gonzotech/machines/registry/ModMenus.java
third_snaketype_condenser,third_snaketype_condenser,,,data/gonzotech/loot_table/blocks/third_snaketype_condenser.json,com/gonzotech/machines/crafting/TierThreeCrafting.java;com/gonzotech/machines/registry/ModBlockEntities.java;com/gonzotech/machines/registry/ModMachines.java;com/gonzotech/machines/registry/ModMenus.java
third_wort_kettle,third_wort_kettle,,,data/gonzotech/loot_table/blocks/third_wort_kettle.json,com/gonzotech/machines/crafting/TierThreeCrafting.java;com/gonzotech/machines/registry/ModBlockEntities.java;com/gonzotech/machines/registry/ModMachines.java;com/gonzotech/machines/registry/ModMenus.java
thorium_229,,,,,com/gonzotech/core/registry/ModCreativeTabs.java;com/gonzotech/core/registry/ModItems.java;com/gonzotech/radiation/RadSources.java
thorium_block,thorium_block,,thorium_ingot_from_thorium_block,data/gonzotech/loot_table/blocks/thorium_block.json,com/gonzotech/machines/block/entity/NuclearFireboxBlockEntity.java
thorium_dust,,,thorium_ingot_from_thorium_dust_blasting;thorium_ingot_from_thorium_dust_smelting;thorium_ingot_from_thorium_dust_smoking,,com/gonzotech/machines/block/entity/NuclearFireboxBlockEntity.java;com/gonzotech/machines/processing/CentrifugeRecipes.java
thorium_ingot,thorium_ingot_from_deepslate_thorium_ore_blasting;thorium_ingot_from_deepslate_thorium_ore_smelting;thorium_ingot_from_nether_thorium_ore_blasting;thorium_ingot_from_nether_thorium_ore_smelting;thorium_ingot_from_nuggets;thorium_ingot_from_raw_thorium_blasting;thorium_ingot_from_raw_thorium_smelting;thorium_ingot_from_thorium_block;thorium_ingot_from_thorium_dust_blasting;thorium_ingot_from_thorium_dust_smelting;thorium_ingot_from_thorium_dust_smoking;thorium_ingot_from_thorium_ore_blasting;thorium_ingot_from_thorium_ore_smelting,,thorium_block;thorium_nugget_from_thorium_ingot,,com/gonzotech/core/registry/Metals.java;com/gonzotech/machines/block/entity/NuclearFireboxBlockEntity.java
thorium_nugget,thorium_nugget_from_thorium_ingot,,thorium_ingot_from_nuggets,,com/gonzotech/machines/block/entity/NuclearFireboxBlockEntity.java;com/gonzotech/machines/processing/CentrifugeRecipes.java
thorium_ore,,,thorium_ingot_from_thorium_ore_blasting;thorium_ingot_from_thorium_ore_smelting,data/gonzotech/loot_table/blocks/thorium_ore.json,
tin_block,tin_block,,tin_ingot_from_tin_block,data/gonzotech/loot_table/blocks/tin_block.json,
tin_dust,,,tin_ingot_from_tin_dust_blasting;tin_ingot_from_tin_dust_smelting;tin_ingot_from_tin_dust_smoking,,com/gonzotech/machines/processing/CentrifugeRecipes.java
tin_ingot,tin_ingot_from_deepslate_tin_ore_blasting;tin_ingot_from_deepslate_tin_ore_smelting;tin_ingot_from_nuggets;tin_ingot_from_raw_tin_blasting;tin_ingot_from_raw_tin_smelting;tin_ingot_from_tin_block;tin_ingot_from_tin_dust_blasting;tin_ingot_from_tin_dust_smelting;tin_ingot_from_tin_dust_smoking;tin_ingot_from_tin_ore_blasting;tin_ingot_from_tin_ore_smelting,,tin_block;tin_nugget_from_tin_ingot,,com/gonzotech/core/registry/Metals.java
tin_nugget,tin_nugget_from_tin_ingot,,tin_ingot_from_nuggets,,
tin_ore,,,tin_ingot_from_tin_ore_blasting;tin_ingot_from_tin_ore_smelting,data/gonzotech/loot_table/blocks/tin_ore.json,
titanium_block,titanium_block,,titanium_ingot_from_titanium_block,data/gonzotech/loot_table/blocks/titanium_block.json,
titanium_dust,,,nitinol_dust_from_metal_dusts;titanium_ingot_from_titanium_dust_blasting;titanium_ingot_from_titanium_dust_smelting;titanium_ingot_from_titanium_dust_smoking,,com/gonzotech/machines/processing/CentrifugeRecipes.java
titanium_ingot,titanium_ingot_from_deepslate_titanium_ore_blasting;titanium_ingot_from_deepslate_titanium_ore_smelting;titanium_ingot_from_nuggets;titanium_ingot_from_raw_titanium_blasting;titanium_ingot_from_raw_titanium_smelting;titanium_ingot_from_titanium_block;titanium_ingot_from_titanium_dust_blasting;titanium_ingot_from_titanium_dust_smelting;titanium_ingot_from_titanium_dust_smoking;titanium_ingot_from_titanium_ore_blasting;titanium_ingot_from_titanium_ore_smelting,,titanium_block;titanium_nugget_from_titanium_ingot,,com/gonzotech/core/registry/Metals.java;com/gonzotech/machines/processing/PressRecipes.java
titanium_nugget,titanium_nugget_from_titanium_ingot,,titanium_ingot_from_nuggets,,com/gonzotech/machines/processing/CrusherRecipes.java
titanium_ore,,,titanium_ingot_from_titanium_ore_blasting;titanium_ingot_from_titanium_ore_smelting,data/gonzotech/loot_table/blocks/titanium_ore.json,
titanium_plate,,,,,com/gonzotech/core/registry/ModCreativeTabs.java;com/gonzotech/core/registry/ModItems.java;com/gonzotech/machines/processing/PressRecipes.java;com/gonzotech/radiation/RadMaterials.java
tmox_fuel,,,,,com/gonzotech/core/registry/ModCreativeTabs.java;com/gonzotech/core/registry/ModItems.java;com/gonzotech/radiation/RadSources.java
transistor,transistor,,chip_blank;dosimeter;third_silicon_factory;third_silicon_factory_from_copper_wire;third_silicon_factory_from_gold_wire;third_silicon_factory_from_silver_wire,,com/gonzotech/core/registry/ModCreativeTabs.java;com/gonzotech/core/registry/ModItems.java;com/gonzotech/machines/crafting/TierThreeCrafting.java
trio_grit,trio_grit,,clinker_grit_from_trio_grit_smelting,,com/gonzotech/chalkboard/advancement/RecipeUnlocks.java;com/gonzotech/core/registry/ModCreativeTabs.java;com/gonzotech/core/registry/ModItems.java;com/gonzotech/machines/processing/CrusherRecipes.java
tungsten_block,tungsten_block,,tungsten_ingot_from_tungsten_block,data/gonzotech/loot_table/blocks/tungsten_block.json,com/gonzotech/chalkboard/notes/ScholarNotesContent.java;com/gonzotech/core/event/Phase3Events.java;com/gonzotech/core/registry/ModBlocks.java;com/gonzotech/machines/block/entity/FermentationVatBlockEntity.java
tungsten_dust,,,tungsten_ingot_from_tungsten_dust_blasting;tungsten_ingot_from_tungsten_dust_smelting;tungsten_ingot_from_tungsten_dust_smoking;vr20_dust_from_metal_dusts,,com/gonzotech/machines/processing/CentrifugeRecipes.java
tungsten_ingot,tungsten_ingot_from_deepslate_tungsten_ore_blasting;tungsten_ingot_from_deepslate_tungsten_ore_smelting;tungsten_ingot_from_nuggets;tungsten_ingot_from_raw_tungsten_blasting;tungsten_ingot_from_raw_tungsten_smelting;tungsten_ingot_from_tungsten_block;tungsten_ingot_from_tungsten_dust_blasting;tungsten_ingot_from_tungsten_dust_smelting;tungsten_ingot_from_tungsten_dust_smoking,,second_alloy_foundry;second_nuclear_firebox;third_chemical_plant;third_heavy_door_tungsten;third_wort_kettle;tungsten_block;tungsten_nugget_from_tungsten_ingot;waste_barrel,,com/gonzotech/chalkboard/notes/ScholarNotesContent.java;com/gonzotech/core/registry/Metals.java
tungsten_nugget,tungsten_nugget_from_tungsten_ingot,,tungsten_ingot_from_nuggets,,
uranium_233,,,,,com/gonzotech/core/registry/ModCreativeTabs.java;com/gonzotech/core/registry/ModItems.java;com/gonzotech/radiation/RadSources.java
uranium_235,,,,,com/gonzotech/core/registry/ModCreativeTabs.java;com/gonzotech/core/registry/ModItems.java;com/gonzotech/radiation/RadSources.java
uranium_238,,,,,com/gonzotech/core/registry/ModCreativeTabs.java;com/gonzotech/core/registry/ModItems.java;com/gonzotech/radiation/RadSources.java
uranium_block,uranium_block,,uranium_ingot_from_uranium_block,data/gonzotech/loot_table/blocks/uranium_block.json,com/gonzotech/machines/block/entity/NuclearFireboxBlockEntity.java
uranium_dust,,,uranium_ingot_from_uranium_dust_blasting;uranium_ingot_from_uranium_dust_smelting;uranium_ingot_from_uranium_dust_smoking,,com/gonzotech/machines/block/entity/NuclearFireboxBlockEntity.java;com/gonzotech/machines/processing/CentrifugeRecipes.java
uranium_fuel,,,,,com/gonzotech/core/registry/ModCreativeTabs.java;com/gonzotech/core/registry/ModItems.java;com/gonzotech/radiation/RadSources.java
uranium_ingot,uranium_ingot_from_deepslate_uranium_ore_blasting;uranium_ingot_from_deepslate_uranium_ore_smelting;uranium_ingot_from_nuggets;uranium_ingot_from_raw_uranium_blasting;uranium_ingot_from_raw_uranium_smelting;uranium_ingot_from_uranium_block;uranium_ingot_from_uranium_dust_blasting;uranium_ingot_from_uranium_dust_smelting;uranium_ingot_from_uranium_dust_smoking,,uranium_block;uranium_nugget_from_uranium_ingot,,com/gonzotech/chalkboard/notes/ScholarNotesContent.java;com/gonzotech/core/registry/Metals.java;com/gonzotech/machines/block/entity/NuclearFireboxBlockEntity.java
uranium_nugget,uranium_nugget_from_uranium_ingot,,dust_meter;radioactive_slime_block;uranium_ingot_from_nuggets,data/gonzotech/loot_table/blocks/radioactive_slime_block.json,com/gonzotech/machines/block/entity/NuclearFireboxBlockEntity.java
ut_fuel,,,,,com/gonzotech/core/registry/ModCreativeTabs.java;com/gonzotech/core/registry/ModItems.java;com/gonzotech/radiation/RadSources.java
uv_lamp,uv_lamp;uv_lamp_from_aluminum_wire;uv_lamp_from_copper_wire;uv_lamp_from_gold_wire,,third_silicon_factory;third_silicon_factory_from_copper_wire;third_silicon_factory_from_gold_wire;third_silicon_factory_from_silver_wire,,com/gonzotech/core/registry/ModCreativeTabs.java;com/gonzotech/core/registry/ModItems.java;com/gonzotech/machines/crafting/TierThreeCrafting.java
uv_meter,uv_meter,,,,com/gonzotech/core/psyche/client/PsycheHud.java;com/gonzotech/core/registry/ModCreativeTabs.java;com/gonzotech/core/registry/ModItems.java;com/gonzotech/machines/crafting/TierThreeCrafting.java
vitreloy_block,vitreloy_block,,vitreloy_ingot_from_vitreloy_block,data/gonzotech/loot_table/blocks/vitreloy_block.json,
vitreloy_dust,,,vitreloy_ingot_from_vitreloy_dust_blasting;vitreloy_ingot_from_vitreloy_dust_smelting;vitreloy_ingot_from_vitreloy_dust_smoking,,
vitreloy_ingot,vitreloy_ingot_from_nuggets;vitreloy_ingot_from_vitreloy_block;vitreloy_ingot_from_vitreloy_dust_blasting;vitreloy_ingot_from_vitreloy_dust_smelting;vitreloy_ingot_from_vitreloy_dust_smoking,,vitreloy_block;vitreloy_nugget_from_vitreloy_ingot,,com/gonzotech/chalkboard/notes/ScholarNotesContent.java;com/gonzotech/core/registry/Metals.java;com/gonzotech/machines/processing/AlloyFoundryRecipes.java
vitreloy_nugget,vitreloy_nugget_from_vitreloy_ingot,,vitreloy_ingot_from_nuggets,,
vodka_bottle,,,dosimeter,,com/gonzotech/core/registry/ModCreativeTabs.java;com/gonzotech/core/registry/ModItems.java;com/gonzotech/machines/block/entity/DispensingTapBlockEntity.java;com/gonzotech/machines/processing/ChemicalPlantRecipes.java
vr20_block,vr20_block,,vr20_ingot_from_vr20_block,data/gonzotech/loot_table/blocks/vr20_block.json,com/gonzotech/machines/nuclear/ThermalHazards.java
vr20_dust,vr20_dust_from_metal_dusts,,vr20_ingot_from_vr20_dust_blasting;vr20_ingot_from_vr20_dust_smelting;vr20_ingot_from_vr20_dust_smoking,,com/gonzotech/chalkboard/notes/ScholarNotesContent.java
vr20_ingot,vr20_ingot_from_nuggets;vr20_ingot_from_vr20_block;vr20_ingot_from_vr20_dust_blasting;vr20_ingot_from_vr20_dust_smelting;vr20_ingot_from_vr20_dust_smoking,,vr20_block;vr20_nugget_from_vr20_ingot,,com/gonzotech/core/registry/Metals.java;com/gonzotech/machines/processing/AlloyFoundryRecipes.java
vr20_nugget,vr20_nugget_from_vr20_ingot,,vr20_ingot_from_nuggets,,
waste_barrel,waste_barrel,,,data/gonzotech/loot_table/blocks/waste_barrel.json,com/gonzotech/core/registry/ModBlocks.java;com/gonzotech/core/registry/ModItems.java;com/gonzotech/radiation/ItemToxicity.java;com/gonzotech/radiation/RadSources.java
weapons_plutonium,,,,,com/gonzotech/core/registry/ModCreativeTabs.java;com/gonzotech/core/registry/ModItems.java;com/gonzotech/radiation/RadSources.java
weathered_debris,,,,data/gonzotech/loot_table/blocks/weathered_debris.json,com/gonzotech/core/registry/ModBlocks.java;com/gonzotech/core/registry/ModItems.java
weathered_mechanisms,,,,data/gonzotech/loot_table/blocks/weathered_mechanisms.json,com/gonzotech/core/registry/ModBlocks.java;com/gonzotech/core/registry/ModItems.java
weathered_plating,,,,data/gonzotech/loot_table/blocks/weathered_plating.json,com/gonzotech/core/registry/ModBlocks.java;com/gonzotech/core/registry/ModItems.java
wedge_punch,wedge_punch,,,,com/gonzotech/chalkboard/notes/ScholarNotesContent.java;com/gonzotech/core/registry/ModCreativeTabs.java;com/gonzotech/core/registry/ModItems.java;com/gonzotech/machines/crafting/TierTwoCrafting.java;com/gonzotech/machines/processing/PressRecipes.java
white_porcelain_batch,white_porcelain_batch,,porcelain,,com/gonzotech/chalkboard/advancement/RecipeUnlocks.java;com/gonzotech/core/registry/ModCreativeTabs.java;com/gonzotech/core/registry/ModItems.java
wort_bucket,,,,,com/gonzotech/core/fluid/ModFluids.java
wrench,wrench,,,,com/gonzotech/chalkboard/advancement/RecipeUnlocks.java;com/gonzotech/chalkboard/notes/ScholarNotesContent.java;com/gonzotech/machines/registry/ModMachines.java
zinc_block,zinc_block,,zinc_ingot_from_zinc_block,data/gonzotech/loot_table/blocks/zinc_block.json,
zinc_dust,,,zinc_ingot_from_zinc_dust_blasting;zinc_ingot_from_zinc_dust_smelting;zinc_ingot_from_zinc_dust_smoking,,com/gonzotech/machines/processing/CentrifugeRecipes.java
zinc_ingot,zinc_ingot_from_deepslate_zinc_ore_blasting;zinc_ingot_from_deepslate_zinc_ore_smelting;zinc_ingot_from_nuggets;zinc_ingot_from_raw_zinc_blasting;zinc_ingot_from_raw_zinc_smelting;zinc_ingot_from_zinc_block;zinc_ingot_from_zinc_dust_blasting;zinc_ingot_from_zinc_dust_smelting;zinc_ingot_from_zinc_dust_smoking;zinc_ingot_from_zinc_ore_blasting;zinc_ingot_from_zinc_ore_smelting,,zinc_block;zinc_nugget_from_zinc_ingot,,com/gonzotech/core/registry/Metals.java
zinc_nugget,zinc_nugget_from_zinc_ingot,,zinc_ingot_from_nuggets,,
zinc_ore,,,zinc_ingot_from_zinc_ore_blasting;zinc_ingot_from_zinc_ore_smelting,data/gonzotech/loot_table/blocks/zinc_ore.json,
zirconium_block,zirconium_block,,zirconium_ingot_from_zirconium_block,data/gonzotech/loot_table/blocks/zirconium_block.json,
zirconium_dust,,,zirconium_ingot_from_zirconium_dust_blasting;zirconium_ingot_from_zirconium_dust_smelting;zirconium_ingot_from_zirconium_dust_smoking,,com/gonzotech/machines/processing/CentrifugeRecipes.java
zirconium_ingot,zirconium_ingot_from_deepslate_zirconium_ore_blasting;zirconium_ingot_from_deepslate_zirconium_ore_smelting;zirconium_ingot_from_nuggets;zirconium_ingot_from_raw_zirconium_blasting;zirconium_ingot_from_raw_zirconium_smelting;zirconium_ingot_from_zirconium_block;zirconium_ingot_from_zirconium_dust_blasting;zirconium_ingot_from_zirconium_dust_smelting;zirconium_ingot_from_zirconium_dust_smoking;zirconium_ingot_from_zirconium_ore_blasting;zirconium_ingot_from_zirconium_ore_smelting,,zirconium_block;zirconium_nugget_from_zirconium_ingot,,com/gonzotech/chalkboard/notes/ScholarNotesContent.java;com/gonzotech/core/registry/Metals.java;com/gonzotech/machines/processing/PressRecipes.java
zirconium_nugget,zirconium_nugget_from_zirconium_ingot,,zirconium_ingot_from_nuggets,,com/gonzotech/machines/processing/CrusherRecipes.java
zirconium_ore,,,zirconium_ingot_from_zirconium_ore_blasting;zirconium_ingot_from_zirconium_ore_smelting,data/gonzotech/loot_table/blocks/zirconium_ore.json,
zirconium_plate,,,dosimeter,,com/gonzotech/core/registry/ModCreativeTabs.java;com/gonzotech/core/registry/ModItems.java;com/gonzotech/machines/processing/PressRecipes.java;com/gonzotech/radiation/RadMaterials.java
